Year,School Name,DBN,School Code,School Level,Leadership,Teachers,Other Staff,American Indian/Alaskan Native (AI/AN) Count,AI/AN Average Years in Title,AI/AN Average Years at School,Asian Count,Asian Average Years in Title,Asian Average Years at School,Black/African American (B/AA) Count,B/AA Average Years in Title,B/AA Average Years at School,Hawaiian/Pacific Islander (H/PI) Count,H/PI Average Years in Title,H/PI Average Years at School,Hispanic Count,Hispanic Average Years in Title,Hispanic Average Years at School,White Count,White Average Years in Title,White Average Years at School,Multiple Count,Multiple Average Years in Title,Multiple Average Years at School,Unknown/Other (U/O) Count,U/O Average Years in Title,U/O Average Years at School
2023,ACADEMY FOR SOFTWARE ENGINEERING,02M546,M546,HIGH SCHOOL,3,32,13,*,,,5,8,1.4,*,,,*,,,5,3.5,2.1,16,7.4,5.9,*,,,*,,
2023,BRONX LEGACY HIGH SCHOOL,07X625,X625,HIGH SCHOOL,2,16,4,*,,,*,,,9,6.6,0.3,*,,,*,,,*,,,*,,,*,,
2023,BRONX ARENA HIGH SCHOOL,08X537,X537,HIGH SCHOOL,2,14,2,*,,,*,,,*,,,*,,,*,,,7,10.5,8.1,*,,,*,,
2023,THE EAST NEW YORK ARTS AND CIVICS HIGH SCHOOL,19K953,K953,HIGH SCHOOL,2,12,4,*,,,*,,,5,8.3,1.8,*,,,*,,,*,,,*,,,*,,
2023,GOTHAM TECH HIGH SCHOOL,30Q417,Q417,HIGH SCHOOL,1,7,2,*,,,*,,,*,,,*,,,*,,,*,,,*,,,*,,
2023,47 THE AMERICAN SIGN LANGUAGE AND ENGLISH SECONDAR,71M047,M047,HIGH SCHOOL,3,35,5,*,,,*,,,5,11.2,10.5,*,,,*,,,26,4.7,2.5,*,,,*,,
2023,THE URBAN ASSEMBLY SCHOOL FOR EMERGENCY MANAGEMENT,71M135,M135,HIGH SCHOOL,3,25,4,*,,,*,,,*,,,*,,,11,5.9,2.5,12,9.1,5,*,,,*,,
2023,STEPHEN T. MATHER BUILDING ARTS & CRAFTSMANSHIP HI,71M139,M139,HIGH SCHOOL,3,35,11,*,,,*,,,7,11.1,2.7,*,,,5,7,3.5,20,5.5,3.5,*,,,*,,
2023,THE URBAN ASSEMBLY SCHOOL FOR GLOBAL COMMERCE,71M157,M157,HIGH SCHOOL,2,21,5,*,,,*,,,*,,,*,,,7,5.3,1.4,7,6.7,3.9,*,,,*,,
2023,INWOOD EARLY COLLEGE FOR HEALTH AND INFORMATION TE,71M211,M211,HIGH SCHOOL,3,37,9,*,,,*,,,8,13.5,3.2,*,,,10,5.9,3.1,17,9.8,4.9,*,,,*,,
2023,MANHATTAN EARLY COLLEGE SCHOOL FOR ADVERTISING,71M280,M280,HIGH SCHOOL,3,38,5,*,,,*,,,9,8.8,3.6,*,,,*,,,22,5.6,3.6,*,,,*,,
2023,URBAN ASSEMBLY MAKER ACADEMY,71M282,M282,HIGH SCHOOL,4,46,7,*,,,5,6.5,2.2,13,8.2,1.7,*,,,7,6.9,4,19,5.1,1.9,*,,,*,,
2023,HARLEM RENAISSANCE HIGH SCHOOL,71M285,M285,HIGH SCHOOL,2,13,4,*,,,*,,,*,,,*,,,*,,,6,13.8,7.5,*,,,*,,
2023,FOOD AND FINANCE HIGH SCHOOL,71M288,M288,HIGH SCHOOL,3,32,6,*,,,*,,,7,7.9,4.2,*,,,9,7.3,3.7,11,10.6,8.7,*,,,*,,
2023,ORCHARD COLLEGIATE ACADEMY,71M292,M292,HIGH SCHOOL,2,25,5,*,,,5,6.8,5,*,,,*,,,*,,,13,9.6,5.7,*,,,*,,
2023,ESSEX STREET ACADEMY,71M294,M294,HIGH SCHOOL,2,30,4,*,,,5,10.1,5.7,5,5.9,1.7,*,,,*,,,17,12.8,9.1,*,,,*,,
2023,HIGH SCHOOL OF HOSPITALITY MANAGEMENT,71M296,M296,HIGH SCHOOL,2,20,5,*,,,*,,,*,,,*,,,*,,,13,16,11.5,*,,,*,,
2023,PACE HIGH SCHOOL,71M298,M298,HIGH SCHOOL,4,45,8,*,,,*,,,8,14,5.6,*,,,9,9,4.9,22,12.1,8.1,*,,,*,,
2023,THE MAXINE GREENE HS FOR IMAGINATIVE INQUIRY,71M299,M299,HIGH SCHOOL,2,14,3,*,,,*,,,*,,,*,,,5,11.6,6.5,6,18.5,8.1,*,,,*,,
2023,URBAN ASSEMBLY SCHOOL OF DESIGN AND CONSTRUCTION,71M300,M300,HIGH SCHOOL,1,26,6,*,,,*,,,10,7.6,4.6,*,,,6,9.4,6.7,6,8.2,5.9,*,,,*,,
2023,FACING HISTORY SCHOOL  THE,71M303,M303,HIGH SCHOOL,2,31,6,*,,,*,,,8,12.4,6.8,*,,,7,5.8,4.1,16,7.7,5.8,*,,,*,,
2023,MOTT HALL HIGH SCHOOL,71M304,M304,HIGH SCHOOL,2,17,6,*,,,*,,,6,9.9,2.4,*,,,*,,,6,4.4,3.9,*,,,*,,
2023,URBAN ASSEMBLY ACADEMY OF GOVERNMENT AND LAW  THE,71M305,M305,HIGH SCHOOL,2,24,7,*,,,*,,,6,10.4,5.8,*,,,*,,,15,7,3.8,*,,,*,,
2023,URBAN ASSEMBLY SCHOOL FOR MEDIA STUDIES  THE,71M307,M307,HIGH SCHOOL,3,30,15,*,,,*,,,*,,,*,,,5,7.4,4.3,17,6.8,5.1,*,,,*,,
2023,LOWER MANHATTAN ARTS ACADEMY,71M308,M308,HIGH SCHOOL,1,26,7,*,,,*,,,*,,,*,,,*,,,16,9.4,4.8,*,,,*,,
2023,THE JUDITH S. KAYE SCHOOL,71M310,M310,HIGH SCHOOL,3,11,1,*,,,*,,,*,,,*,,,*,,,5,15.7,3.1,*,,,*,,
2023,JAMES BALDWIN SCHOOL  THE: A SCHOOL FOR EXPEDITION,71M313,M313,HIGH SCHOOL,2,16,5,*,,,*,,,6,11,9.8,*,,,*,,,7,16,8.9,*,,,*,,
2023,URBAN ASSEMBLY SCHOOL OF BUSINESS FOR YOUNG WOMEN,71M316,M316,HIGH SCHOOL,1,9,4,*,,,*,,,*,,,*,,,*,,,7,7.7,7,*,,,*,,
2023,URBAN ASSEMBLY SCHOOL FOR THE PERFORMING ARTS,71M369,M369,HIGH SCHOOL,2,24,8,*,,,*,,,9,9.9,5.3,*,,,*,,,8,9.9,4.9,*,,,*,,
2023,GRAMERCY ARTS HIGH SCHOOL,71M374,M374,HIGH SCHOOL,3,37,12,*,,,5,3.2,1.9,5,9.3,1.6,*,,,6,3.5,3,20,7.3,4.2,*,,,*,,
2023,NYC ISCHOOL,71M376,M376,HIGH SCHOOL,2,37,8,*,,,*,,,*,,,*,,,9,5,3.3,21,12.4,7.5,*,,,*,,
2023,MANHATTAN BUSINESS ACADEMY,71M392,M392,HIGH SCHOOL,3,32,3,*,,,5,7.1,5.6,5,11.4,4.3,*,,,*,,,18,9,5.6,*,,,*,,
2023,BUSINESS OF SPORTS SCHOOL,71M393,M393,HIGH SCHOOL,3,37,6,*,,,*,,,12,11.2,5.9,*,,,9,8,6.1,13,10.4,4.8,*,,,*,,
2023,EMMA LAZARUS HIGH SCHOOL,71M394,M394,HIGH SCHOOL,3,18,6,*,,,*,,,*,,,*,,,*,,,10,7.3,5.1,*,,,*,,
2023,THE HIGH SCHOOL FOR LANGUAGE AND DIPLOMACY,71M399,M399,HIGH SCHOOL,3,15,4,*,,,*,,,*,,,*,,,*,,,8,9.5,5.5,*,,,*,,
2023,HIGH SCHOOL FOR ENVIRONMENTAL STUDIES,71M400,M400,HIGH SCHOOL,7,72,13,*,,,10,13.4,10.7,7,10.9,4.8,*,,,13,8.1,5.3,39,10.6,6,*,,,*,,
2023,THE URBAN ASSEMBLY SCHOOL FOR GREEN CAREERS,71M402,M402,HIGH SCHOOL,1,28,6,*,,,*,,,*,,,*,,,*,,,20,4.9,3.1,*,,,*,,
2023,THE GLOBAL LEARNING COLLABORATIVE,71M403,M403,HIGH SCHOOL,3,34,7,*,,,5,7.9,4.8,*,,,*,,,5,16.2,2.2,19,12.6,6.8,*,,,*,,
2023,INNOVATION DIPLOMA PLUS,71M404,M404,HIGH SCHOOL,2,12,2,*,,,*,,,*,,,*,,,*,,,7,11,7.6,*,,,*,,
2023,BARUCH COLLEGE CAMPUS HIGH SCHOOL,71M411,M411,HIGH SCHOOL,3,30,6,*,,,*,,,*,,,*,,,*,,,21,8.2,6.1,*,,,*,,
2023,N.Y.C. LAB SCHOOL FOR COLLABORATIVE STUDIES,71M412,M412,HIGH SCHOOL,3,47,17,*,,,*,,,*,,,*,,,6,4.3,2,35,10.9,6.7,*,,,*,,
2023,N.Y.C. MUSEUM SCHOOL,71M414,M414,HIGH SCHOOL,3,32,8,*,,,*,,,*,,,*,,,6,11.2,3.4,17,13.5,7.1,*,,,*,,
2023,ELEANOR ROOSEVELT HIGH SCHOOL,71M416,M416,HIGH SCHOOL,2,34,5,*,,,6,11.6,5.8,*,,,*,,,*,,,25,11.8,8.5,*,,,*,,
2023,FRANK MCCOURT HIGH SCHOOL,71M417,M417,HIGH SCHOOL,2,31,6,*,,,*,,,5,11,3.3,*,,,6,4.8,2.2,18,7.8,4.8,*,,,*,,
2023,MILLENNIUM HIGH SCHOOL,71M418,M418,HIGH SCHOOL,3,43,5,*,,,9,9.9,8,*,,,*,,,*,,,31,11.5,8.3,*,,,*,,
2023,LANDMARK HIGH SCHOOL,71M419,M419,HIGH SCHOOL,3,32,10,*,,,*,,,*,,,*,,,*,,,19,7.9,4.9,*,,,*,,
2023,HIGH SCHOOL FOR HEALTH PROFESSIONS AND HUMAN SERVI,71M420,M420,HIGH SCHOOL,10,97,20,*,,,18,11.6,9.1,10,14.7,13.2,*,,,11,13.1,8.1,54,11.3,8.9,*,,,*,,
2023,HIGH SCHOOL FOR EXCELLENCE AND INNOVATION,71M423,M423,HIGH SCHOOL,2,15,3,*,,,*,,,*,,,*,,,*,,,7,8.9,4.4,*,,,*,,
2023,LEADERSHIP AND PUBLIC SERVICE HIGH SCHOOL,71M425,M425,HIGH SCHOOL,2,20,6,*,,,*,,,*,,,*,,,7,14,9,7,9.9,5.2,*,,,*,,
2023,MANHATTAN ACADEMY FOR ARTS & LANGUAGE,71M427,M427,HIGH SCHOOL,3,15,4,*,,,*,,,*,,,*,,,6,13.3,6.9,5,7.4,6.2,*,,,*,,
2023,MURRAY HILL ACADEMY,71M432,M432,HIGH SCHOOL,2,20,7,*,,,*,,,*,,,*,,,*,,,12,14.4,6.6,*,,,*,,
2023,MANHATTAN CENTER FOR SCIENCE AND MATHEMATICS,71M435,M435,HIGH SCHOOL,8,88,14,*,,,13,8.5,6.6,5,6.5,5.3,*,,,31,6.4,5.8,39,11.6,8.1,*,,,*,,
2023,HUDSON HIGH SCHOOL OF LEARNING TECHNOLOGIES,71M437,M437,HIGH SCHOOL,3,18,8,*,,,*,,,*,,,*,,,*,,,10,8,2.2,*,,,*,,
2023,INTERNATIONAL HIGH SCHOOL AT UNION SQUARE,71M438,M438,HIGH SCHOOL,2,25,6,*,,,*,,,*,,,*,,,6,5.8,5.8,14,15.3,9.3,*,,,*,,
2023,MANHATTAN VILLAGE ACADEMY,71M439,M439,HIGH SCHOOL,3,30,5,*,,,*,,,*,,,*,,,*,,,19,9.6,8.6,*,,,*,,
2023,UNIVERSITY NEIGHBORHOOD HIGH SCHOOL,71M448,M448,HIGH SCHOOL,3,39,11,*,,,7,12.2,7.4,*,,,*,,,6,10.4,5.9,21,4.8,3.5,*,,,*,,
2023,VANGUARD HIGH SCHOOL,71M449,M449,HIGH SCHOOL,2,33,7,*,,,5,14.8,10.4,6,8.9,3.5,*,,,7,7.4,5.9,13,12.1,8.6,*,,,*,,
2023,FORSYTH SATELLITE ACADEMY,71M458,M458,HIGH SCHOOL,2,11,4,*,,,*,,,*,,,*,,,5,10.5,5,5,10.6,6.3,*,,,*,,
2023,MANHATTAN INTERNATIONAL HIGH SCHOOL,71M459,M459,HIGH SCHOOL,3,23,7,*,,,7,12.1,8.6,*,,,*,,,*,,,7,7.3,6,*,,,*,,
2023,THE COLLEGE ACADEMY,71M462,M462,HIGH SCHOOL,4,28,13,*,,,*,,,*,,,*,,,19,7.5,5,6,16.1,13.6,*,,,*,,
2023,HIGH SCHOOL FOR MEDIA AND COMMUNICATIONS,71M463,M463,HIGH SCHOOL,3,28,7,*,,,*,,,*,,,*,,,18,7.8,4.7,5,12.1,11.5,*,,,*,,
2023,HIGH SCHOOL FOR LAW AND PUBLIC SERVICE,71M467,M467,HIGH SCHOOL,4,37,15,*,,,*,,,*,,,*,,,18,8.1,6.3,14,14.5,11.5,*,,,*,,
2023,HIGH SCHOOL FOR HEALTH CAREERS AND SCIENCES,71M468,M468,HIGH SCHOOL,4,29,10,*,,,*,,,6,6.8,1.8,*,,,11,11.7,8.8,11,16.9,10,*,,,*,,
2023,STUYVESANT HIGH SCHOOL,71M475,M475,HIGH SCHOOL,11,154,32,*,,,30,11.2,7.3,6,18.4,9.6,*,,,15,19,10,99,16.6,12.8,*,,,*,,
2023,BEACON HIGH SCHOOL,71M479,M479,HIGH SCHOOL,4,84,15,*,,,7,15.8,11,11,15.8,8.5,*,,,10,11.1,2.6,54,11.7,6.8,*,,,*,,
2023,FIORELLO H. LAGUARDIA HIGH SCHOOL OF MUSIC & ART A,71M485,M485,HIGH SCHOOL,14,149,23,*,,,21,16,10.1,16,13.2,9.4,*,,,8,11,3.4,95,13.7,10.5,*,,,6,10.9,7.9
2023,HIGH SCHOOL OF ECONOMICS AND FINANCE,71M489,M489,HIGH SCHOOL,4,47,7,*,,,6,8.4,4.2,*,,,*,,,6,9.6,5,28,9.2,5.8,*,,,*,,
2023,HIGH SCHOOL FOR LAW  ADVOCACY AND COMMUNITY JUSTIC,71M492,M492,HIGH SCHOOL,2,31,8,*,,,5,15.2,9.1,8,6.7,3.3,*,,,*,,,15,14.2,10.4,*,,,*,,
2023,HIGH SCHOOL OF ARTS AND TECHNOLOGY,71M494,M494,HIGH SCHOOL,4,36,10,*,,,*,,,7,11,3.7,*,,,8,13,4.6,16,8.5,3.7,*,,,*,,
2023,PARK EAST HIGH SCHOOL,71M495,M495,HIGH SCHOOL,3,35,8,*,,,*,,,*,,,*,,,8,9.4,5.3,23,13,9.3,*,,,*,,
2023,UNITY CENTER FOR URBAN TECHNOLOGIES,71M500,M500,HIGH SCHOOL,3,17,5,*,,,*,,,*,,,*,,,10,6.1,4.8,*,,,*,,,*,,
2023,EDWARD A. REYNOLDS WEST SIDE HIGH SCHOOL,71M505,M505,HIGH SCHOOL,1,24,4,*,,,*,,,*,,,*,,,5,11.7,8.9,11,19.5,15.8,*,,,*,,
2023,URBAN ASSEMBLY GATEWAY SCHOOL FOR TECHNOLOGY,71M507,M507,HIGH SCHOOL,2,38,10,*,,,6,8.7,5,6,8.1,7,*,,,8,2.4,1.5,18,8.7,5.5,*,,,*,,
2023,LOWER EAST SIDE PREPARATORY HIGH SCHOOL,71M515,M515,HIGH SCHOOL,2,36,8,*,,,12,12.9,12.5,*,,,*,,,9,7.6,2.9,11,13.8,11.6,*,,,*,,
2023,TALENT UNLIMITED HIGH SCHOOL,71M519,M519,HIGH SCHOOL,3,34,10,*,,,6,5.1,2.6,*,,,*,,,*,,,20,12.7,8.2,*,,,*,,
2023,MURRY BERGTRAUM HIGH SCHOOL FOR BUSINESS CAREERS,71M520,M520,HIGH SCHOOL,1,15,6,*,,,5,14.7,11.3,*,,,*,,,*,,,5,24,16.5,*,,,*,,
2023,JACQUELINE KENNEDY ONASSIS HIGH SCHOOL,71M529,M529,HIGH SCHOOL,2,20,6,*,,,5,6.1,2.3,*,,,*,,,5,13.5,9.2,7,12.8,8.5,*,,,*,,
2023,REPERTORY COMPANY HIGH SCHOOL FOR THEATRE ARTS,71M531,M531,HIGH SCHOOL,3,18,4,*,,,*,,,*,,,*,,,*,,,12,6.1,2.9,*,,,*,,
2023,UNION SQUARE ACADEMY FOR HEALTH SCIENCES,71M533,M533,HIGH SCHOOL,3,34,6,*,,,5,7.4,4.9,*,,,*,,,10,5.8,4.9,15,9.9,5.7,*,,,*,,
2023,HARVEST COLLEGIATE HIGH SCHOOL,71M534,M534,HIGH SCHOOL,3,37,5,*,,,*,,,8,11,1.6,*,,,8,6.4,4,16,9.8,5.2,*,,,*,,
2023,A. PHILIP RANDOLPH CAMPUS HIGH SCHOOL,71M540,M540,HIGH SCHOOL,8,83,26,*,,,7,12.3,6.3,14,12.9,6.2,*,,,31,11.1,6.4,26,12.9,8.3,*,,,*,,
2023,MANHATTAN / HUNTER SCIENCE HIGH SCHOOL,71M541,M541,HIGH SCHOOL,3,27,5,*,,,7,13.4,8.3,*,,,*,,,*,,,14,9.9,8.1,*,,,*,,
2023,MANHATTAN BRIDGES HIGH SCHOOL,71M542,M542,HIGH SCHOOL,2,33,7,*,,,*,,,*,,,*,,,19,9.9,6.5,8,9.3,6.1,*,,,*,,
2023,NEW DESIGN HIGH SCHOOL,71M543,M543,HIGH SCHOOL,3,47,9,*,,,*,,,*,,,*,,,7,5.6,1.9,33,11.1,7.2,*,,,*,,
2023,INDEPENDENCE HIGH SCHOOL,71M544,M544,HIGH SCHOOL,2,23,4,*,,,*,,,5,16,8,*,,,5,11.9,7.7,13,9.3,5,*,,,*,,
2023,HIGH SCHOOL FOR DUAL LANGUAGE AND ASIAN STUDIES,71M545,M545,HIGH SCHOOL,2,23,5,*,,,13,7.8,5.5,*,,,*,,,*,,,7,12,11.7,*,,,*,,
2023,LIBERTY HIGH SCHOOL ACADEMY FOR NEWCOMERS,71M550,M550,HIGH SCHOOL,3,29,7,*,,,7,12.1,8.1,*,,,*,,,7,14.9,8.4,12,8.1,3.5,*,,,*,,
2023,URBAN ASSEMBLY NEW YORK HARBOR SCHOOL,71M551,M551,HIGH SCHOOL,4,41,11,*,,,*,,,*,,,*,,,*,,,27,10.8,6.4,*,,,*,,
2023,GREGORIO LUPERON HIGH SCHOOL FOR SCIENCE AND MATHE,71M552,M552,HIGH SCHOOL,4,38,9,*,,,*,,,*,,,*,,,27,11.6,6.8,*,,,*,,,*,,
2023,CENTRAL PARK EAST HIGH SCHOOL,71M555,M555,HIGH SCHOOL,3,34,9,*,,,*,,,*,,,*,,,*,,,24,11.8,9.7,*,,,*,,
2023,HIGH SCHOOL M560 - CITY AS SCHOOL,71M560,M560,HIGH SCHOOL,3,36,11,*,,,*,,,8,14.1,6.1,*,,,7,15.4,7,16,16.3,8.1,*,,,*,,
2023,URBAN ACADEMY LABORATORY HIGH SCHOOL,71M565,M565,HIGH SCHOOL,1,15,4,*,,,*,,,6,16.1,13.6,*,,,*,,,5,23.3,19,*,,,*,,
2023,SATELLITE ACADEMY HIGH SCHOOL,71M570,M570,HIGH SCHOOL,2,12,3,*,,,*,,,*,,,*,,,*,,,5,16.9,9.1,*,,,*,,
2023,MANHATTAN COMPREHENSIVE NIGHT AND DAY HIGH SCHOOL,71M575,M575,HIGH SCHOOL,6,44,14,*,,,*,,,*,,,*,,,6,16,10.4,30,10.3,6.3,*,,,*,,
2023,RICHARD R. GREEN HIGH SCHOOL OF TEACHING,71M580,M580,HIGH SCHOOL,2,22,4,*,,,*,,,*,,,*,,,*,,,17,17.9,14.8,*,,,*,,
2023,HARVEY MILK HIGH SCHOOL,71M586,M586,HIGH SCHOOL,2,10,3,*,,,*,,,*,,,*,,,*,,,6,9.3,6.5,*,,,*,,
2023,THE HIGH SCHOOL OF FASHION INDUSTRIES,71M600,M600,HIGH SCHOOL,13,110,34,*,,,12,11.6,8.6,10,4.8,3.3,*,,,17,8.8,7.8,67,9.8,6.9,*,,,*,,
2023,HUMANITIES PREPARATORY ACADEMY,71M605,M605,HIGH SCHOOL,2,21,4,*,,,*,,,*,,,*,,,*,,,10,10.6,4.1,*,,,*,,
2023,CHELSEA CAREER AND TECHNICAL EDUCATION HIGH SCHOOL,71M615,M615,HIGH SCHOOL,3,34,12,*,,,5,12.3,6.9,8,15.4,3.5,*,,,6,4.4,2.9,15,16.4,11.7,*,,,*,,
2023,ART AND DESIGN HIGH SCHOOL,71M630,M630,HIGH SCHOOL,8,97,21,*,,,12,7.7,5.2,13,11,7.5,*,,,11,7.9,5.3,58,9.9,7.6,*,,,*,,
2023,CASCADES HIGH SCHOOL,71M650,M650,HIGH SCHOOL,2,13,3,*,,,*,,,*,,,*,,,*,,,*,,,*,,,*,,
2023,THE HIGH SCHOOL FOR CLIMATE JUSTICE,71M655,M655,HIGH SCHOOL,3,27,7,*,,,5,13.7,13.5,*,,,*,,,*,,,15,11.4,8,*,,,*,,
2023,HERITAGE SCHOOL  THE,71M680,M680,HIGH SCHOOL,3,22,6,*,,,*,,,*,,,*,,,*,,,15,5,3.3,*,,,*,,
2023,HIGH SCHOOL FOR MATHEMATICS  SCIENCE AND ENGINEERI,71M692,M692,HIGH SCHOOL,2,31,6,*,,,6,13.7,5.6,*,,,*,,,*,,,19,16.1,12.7,*,,,*,,
2023,BARD HIGH SCHOOL EARLY COLLEGE,71M696,M696,HIGH SCHOOL,3,43,6,*,,,11,9.6,6.8,*,,,*,,,6,10.4,6.3,22,13.7,8.7,*,,,*,,
2023,BRONX ENGINEERING AND TECHNOLOGY ACADEMY,72X213,X213,HIGH SCHOOL,3,31,9,*,,,*,,,14,14.6,6.4,*,,,5,18.4,11.7,8,15.8,7.7,*,,,*,,
2023,BRONX COLLEGIATE ACADEMY,72X227,X227,HIGH SCHOOL,5,27,10,*,,,*,,,6,16.5,8,*,,,8,8.8,6.9,10,11.3,9.6,*,,,*,,
2023,THE MARIE CURIE SCHOOL FOR MEDICINE  NURSING  AND,72X237,X237,HIGH SCHOOL,2,25,6,*,,,*,,,6,16.6,7.2,*,,,*,,,17,12.3,8.2,*,,,*,,
2023,METROPOLITAN HIGH SCHOOL  THE,72X248,X248,HIGH SCHOOL,3,20,6,*,,,*,,,8,12,3.1,*,,,*,,,6,14,4,*,,,*,,
2023,BRONX HEALTH SCIENCES HIGH SCHOOL,72X249,X249,HIGH SCHOOL,3,25,6,*,,,*,,,*,,,*,,,*,,,16,8,4,*,,,*,,
2023,EXIMIUS COLLEGE PREPARATORY ACADEMY: A COLLEGE BOA,72X250,X250,HIGH SCHOOL,3,28,10,*,,,*,,,6,13.8,6,*,,,7,7.6,4.6,13,12.3,7.4,*,,,*,,
2023,EXPLORATIONS ACADEMY H.S.,72X251,X251,HIGH SCHOOL,3,27,10,*,,,*,,,5,14,2.6,*,,,14,6.2,4.4,8,11.5,7.7,*,,,*,,
2023,MOTT HALL BRONX HIGH SCHOOL,72X252,X252,HIGH SCHOOL,2,31,7,*,,,*,,,7,5.6,3.6,*,,,8,2,1.5,13,9.8,5.6,*,,,*,,
2023,BRONX HIGH SCHOOL FOR WRITING AND COMMUNICATION AR,72X253,X253,HIGH SCHOOL,2,18,11,*,,,*,,,8,13.9,8.4,*,,,*,,,6,17.5,9,*,,,*,,
2023,H.E.R.O. HIGH (HEALTH  EDUCATION  AND RESEARCH OCC,72X259,X259,HIGH SCHOOL,3,70,13,*,,,*,,,12,11.6,3.7,*,,,21,5,1.9,31,8.1,3.6,*,,,*,,
2023,BRONX CENTER FOR SCIENCE AND MATHEMATICS,72X260,X260,HIGH SCHOOL,4,30,7,*,,,*,,,6,11.4,4.4,*,,,8,6.2,3.9,12,8.5,6,*,,,*,,
2023,VALIDUS PREPARATORY ACADEMY,72X263,X263,HIGH SCHOOL,2,24,9,*,,,*,,,12,11.5,5.8,*,,,*,,,7,11.2,7.4,*,,,*,,
2023,BRONX ACADEMY FOR SOFTWARE ENGINEERING (BASE),72X264,X264,HIGH SCHOOL,3,39,10,*,,,*,,,7,14.1,4.3,*,,,12,10.8,3,17,7.7,5.2,*,,,*,,
2023,BRONX LAB SCHOOL,72X265,X265,HIGH SCHOOL,3,23,8,*,,,*,,,5,15.1,10.9,*,,,*,,,14,12.3,7.2,*,,,*,,
2023,KINGSBRIDGE INTERNATIONAL HIGH SCHOOL,72X268,X268,HIGH SCHOOL,2,18,8,*,,,*,,,*,,,*,,,9,14.7,7.7,5,18.5,9.3,*,,,*,,
2023,ACADEMY FOR SCHOLARSHIP AND ENTREPRENEURSHIP: A CO,72X270,X270,HIGH SCHOOL,3,28,9,*,,,*,,,14,12.4,8.6,*,,,*,,,7,16.3,6.6,*,,,*,,
2023,HIGH SCHOOL OF COMPUTERS AND TECHNOLOGY,72X275,X275,HIGH SCHOOL,4,35,10,*,,,5,10.4,7.9,11,11.5,6.5,*,,,*,,,13,19.3,10.5,*,,,*,,
2023,WOMEN'S ACADEMY OF EXCELLENCE,72X282,X282,HIGH SCHOOL,2,17,7,*,,,5,18.5,6.4,5,17.7,10.5,*,,,*,,,6,12.2,5,*,,,*,,
2023,BRONX SCHOOL OF LAW AND FINANCE,72X284,X284,HIGH SCHOOL,3,25,10,*,,,*,,,*,,,*,,,9,9.9,8.2,10,14.6,8.4,*,,,*,,
2023,COLLEGIATE INSTITUTE FOR MATH AND SCIENCE,72X288,X288,HIGH SCHOOL,4,32,10,*,,,*,,,15,12.7,3.8,*,,,8,15.3,3.9,7,12.8,7.9,*,,,*,,
2023,BRONX ACADEMY OF HEALTH CAREERS,72X290,X290,HIGH SCHOOL,3,26,7,*,,,*,,,12,11.6,8.5,*,,,9,5.8,0.9,*,,,*,,,*,,
2023,RENAISSANCE HIGH SCHOOL FOR MUSICAL THEATER AND TH,72X293,X293,HIGH SCHOOL,3,34,9,*,,,*,,,6,12.9,8,*,,,11,10.6,4.3,14,7.7,6.5,*,,,*,,
2023,MORRIS ACADEMY FOR COLLABORATIVE STUDIES,72X297,X297,HIGH SCHOOL,3,38,10,*,,,*,,,7,11,9.3,*,,,9,6.8,4.8,15,6.8,5.4,*,,,*,,
2023,ASTOR COLLEGIATE ACADEMY,72X299,X299,HIGH SCHOOL,3,32,10,*,,,*,,,10,7.9,3.7,*,,,*,,,16,15,10.6,*,,,*,,
2023,MILLENNIUM ART ACADEMY,72X312,X312,HIGH SCHOOL,3,36,6,*,,,*,,,5,12.3,8.9,*,,,10,10.2,5.1,18,12.3,7.5,*,,,*,,
2023,PROVIDING URBAN LEARNERS SUCCESS IN EDUCATION HIGH,72X319,X319,HIGH SCHOOL,2,12,6,*,,,*,,,*,,,*,,,*,,,9,19,11.5,*,,,*,,
2023,PELHAM LAB HIGH SCHOOL,72X320,X320,HIGH SCHOOL,3,29,11,*,,,5,7.7,4.4,7,8,4.8,*,,,7,7.7,4.3,10,10.8,5.9,*,,,*,,
2023,DREAMYARD PREPARATORY SCHOOL,72X329,X329,HIGH SCHOOL,2,26,8,*,,,*,,,7,4.5,1.6,*,,,9,5.7,4.1,7,10.1,7.1,*,,,*,,
2023,INTERNATIONAL COMMUNITY HIGH SCHOOL,72X334,X334,HIGH SCHOOL,3,27,14,*,,,5,14.6,11.6,*,,,*,,,8,8,5.9,10,10.8,7.5,*,,,*,,
2023,SCHUYLERVILLE PREPARATORY HIGH SCHOOL,72X348,X348,HIGH SCHOOL,3,27,7,*,,,*,,,5,11.5,6.4,*,,,8,12.6,5,10,9.8,4.1,*,,,*,,
2023,BRONX RIVER HIGH SCHOOL,72X349,X349,HIGH SCHOOL,3,35,11,*,,,*,,,*,,,*,,,11,8.8,3.7,17,10.5,5.8,*,,,*,,
2023,NEW DIRECTIONS SECONDARY SCHOOL,72X350,X350,HIGH SCHOOL,2,15,6,*,,,*,,,*,,,*,,,6,8.9,3.8,6,7.1,5.2,*,,,*,,
2023,BRONX COLLABORATIVE HIGH SCHOOL,72X351,X351,HIGH SCHOOL,3,38,10,*,,,*,,,5,9.9,2.3,*,,,8,6.1,5.2,23,9.3,3.9,*,,,*,,
2023,WORLD VIEW HIGH SCHOOL,72X353,X353,HIGH SCHOOL,4,48,14,*,,,*,,,*,,,*,,,18,4.7,2.9,23,5.6,4,*,,,*,,
2023,ACADEMY FOR LANGUAGE AND TECHNOLOGY,72X365,X365,HIGH SCHOOL,2,23,5,*,,,*,,,*,,,*,,,12,4.1,3.4,9,5.6,5.6,*,,,*,,
2023,KNOWLEDGE AND POWER PREPARATORY ACADEMY INTERNATIO,72X374,X374,HIGH SCHOOL,3,32,7,*,,,*,,,*,,,*,,,9,4.8,1.9,16,6.1,4.5,*,,,*,,
2023,BRONX COMMUNITY HIGH SCHOOL,72X377,X377,HIGH SCHOOL,2,11,3,*,,,*,,,5,16.7,9.3,*,,,*,,,*,,,*,,,*,,
2023,JILL CHAIFETZ TRANSFER HIGH SCHOOL,72X379,X379,HIGH SCHOOL,2,18,8,*,,,*,,,*,,,*,,,5,11.7,4.1,9,15.3,6.8,*,,,*,,
2023,BRONX HAVEN HIGH SCHOOL,72X381,X381,HIGH SCHOOL,1,13,4,*,,,*,,,*,,,*,,,*,,,*,,,*,,,*,,
2023,PAN AMERICAN INTERNATIONAL HIGH SCHOOL AT MONROE,72X388,X388,HIGH SCHOOL,3,26,5,*,,,*,,,*,,,*,,,15,8.5,6.6,11,8.2,5.6,*,,,*,,
2023,ENGLISH LANGUAGE LEARNERS AND INTERNATIONAL SUPPOR,72X397,X397,HIGH SCHOOL,3,22,8,*,,,*,,,*,,,*,,,7,13.1,5.7,12,12,6.2,*,,,*,,
2023,BRONX INTERNATIONAL HIGH SCHOOL,72X403,X403,HIGH SCHOOL,4,25,10,*,,,8,15.5,8.3,*,,,*,,,*,,,9,8.2,4.5,*,,,*,,
2023,SCHOOL FOR EXCELLENCE,72X404,X404,HIGH SCHOOL,2,16,8,*,,,*,,,8,13.4,5.8,*,,,*,,,*,,,*,,,*,,
2023,HERBERT H. LEHMAN HIGH SCHOOL,72X405,X405,HIGH SCHOOL,7,80,28,*,,,5,7.4,6.4,*,,,*,,,20,10.9,9.4,49,10,8.5,*,,,*,,
2023,BRONX HIGH SCHOOL OF BUSINESS,72X412,X412,HIGH SCHOOL,3,30,11,*,,,*,,,8,15.2,9.9,*,,,11,4.7,3,10,11.7,4.7,*,,,*,,
2023,BRONX HIGH SCHOOL FOR THE VISUAL ARTS,72X418,X418,HIGH SCHOOL,2,33,11,*,,,*,,,11,12,6.4,*,,,8,7.1,6.6,10,10.1,5.6,*,,,*,,
2023,COMMUNITY SCHOOL FOR SOCIAL JUSTICE,72X427,X427,HIGH SCHOOL,3,19,8,*,,,*,,,*,,,*,,,5,9.9,9.3,11,13.7,9,*,,,*,,
2023,BRONX BRIDGES HIGH SCHOOL,72X432,X432,HIGH SCHOOL,3,30,8,*,,,*,,,*,,,*,,,14,4.4,3.5,8,2.8,2,*,,,*,,
2023,HIGH SCHOOL FOR TEACHING AND THE PROFESSIONS,72X433,X433,HIGH SCHOOL,3,36,11,*,,,*,,,6,10.1,5.3,*,,,19,11.6,5,10,17.2,12.7,*,,,*,,
2023,BELMONT PREPARATORY HIGH SCHOOL,72X434,X434,HIGH SCHOOL,3,25,11,*,,,*,,,5,17.8,8.9,*,,,8,17,7.4,9,13,10.8,*,,,*,,
2023,FORDHAM HIGH SCHOOL FOR THE ARTS,72X437,X437,HIGH SCHOOL,3,29,8,*,,,*,,,6,1.7,1.7,*,,,*,,,19,3.7,3,*,,,*,,
2023,FORDHAM LEADERSHIP ACADEMY,72X438,X438,HIGH SCHOOL,2,33,5,*,,,*,,,*,,,*,,,14,1.9,1.6,12,6.1,3.2,*,,,*,,
2023,BRONX HIGH SCHOOL FOR LAW AND COMMUNITY SERVICE,72X439,X439,HIGH SCHOOL,3,34,8,*,,,*,,,7,9.2,5.8,*,,,6,16.3,7.8,16,8.8,6.9,*,,,*,,
2023,DEWITT CLINTON HIGH SCHOOL,72X440,X440,HIGH SCHOOL,7,74,19,*,,,*,,,13,7.6,4.8,*,,,23,4.9,3.3,33,8.9,6.9,*,,,*,,
2023,CELIA CRUZ BRONX HIGH SCHOOL OF MUSIC  THE,72X442,X442,HIGH SCHOOL,3,32,11,*,,,*,,,7,17.4,13.2,*,,,12,10.7,7.6,12,10.6,7.7,*,,,*,,
2023,THE BRONX HIGH SCHOOL OF SCIENCE,72X445,X445,HIGH SCHOOL,10,138,24,*,,,24,8.1,7.6,*,,,*,,,13,12.6,10.1,91,12.4,9.7,*,,,5,11.3,10.6
2023,ARTURO A. SCHOMBURG SATELLITE ACADEMY BRONX,72X446,X446,HIGH SCHOOL,2,14,4,*,,,*,,,6,4,4,*,,,*,,,*,,,*,,,*,,
2023,GOTHAM COLLABORATIVE HIGH SCHOOL,72X452,X452,HIGH SCHOOL,1,31,10,*,,,*,,,7,18.7,4.8,*,,,11,12.5,6.8,8,11.5,6,*,,,*,,
2023,HARRY S TRUMAN HIGH SCHOOL,72X455,X455,HIGH SCHOOL,9,130,34,*,,,*,,,32,9.7,8.2,*,,,20,12.4,9.7,70,11.7,9.4,*,,,*,,
2023,MOTT HAVEN VILLAGE PREPARATORY HIGH SCHOOL,72X473,X473,HIGH SCHOOL,3,17,13,*,,,*,,,*,,,*,,,*,,,11,10.8,8.5,*,,,*,,
2023,MARBLE HILL HIGH SCHOOL FOR INTERNATIONAL STUDIES,72X477,X477,HIGH SCHOOL,3,33,10,*,,,*,,,*,,,*,,,9,10.2,6.9,17,14.1,8,*,,,*,,
2023,THE CINEMA SCHOOL,72X478,X478,HIGH SCHOOL,3,26,5,*,,,*,,,10,7.6,2.8,*,,,5,6.3,3,9,9.2,6.9,*,,,*,,
2023,BRONX CAREER AND COLLEGE PREPARATORY HIGH SCHOOL,72X479,X479,HIGH SCHOOL,2,17,8,*,,,*,,,7,7.6,2.3,*,,,5,7.9,6,*,,,*,,,*,,
2023,BRONX REGIONAL HIGH SCHOOL,72X480,X480,HIGH SCHOOL,2,8,4,*,,,*,,,*,,,*,,,*,,,*,,,*,,,*,,
2023,UNIVERSITY HEIGHTS SECONDARY SCHOOL,72X495,X495,HIGH SCHOOL,3,31,14,*,,,*,,,12,12.2,8.6,*,,,10,10.7,9.8,8,12.2,8.2,*,,,*,,
2023,BRONXDALE HIGH SCHOOL,72X508,X508,HIGH SCHOOL,3,41,10,*,,,*,,,8,7.7,5.4,*,,,10,7.2,4.6,20,8.7,6.2,*,,,*,,
2023,HIGH SCHOOL OF LANGUAGE AND INNOVATION,72X509,X509,HIGH SCHOOL,3,30,6,*,,,5,3.1,3.1,*,,,*,,,8,6.5,3.3,12,10.9,5.1,*,,,*,,
2023,BRONX ENVISION ACADEMY,72X511,X511,HIGH SCHOOL,3,35,9,*,,,*,,,9,6.3,5.1,*,,,12,12.3,6.6,13,10.4,5.7,*,,,*,,
2023,NEW WORLD HIGH SCHOOL,72X513,X513,HIGH SCHOOL,3,22,5,*,,,*,,,*,,,*,,,5,10,9.7,14,11,10.8,*,,,*,,
2023,THE BRONXWOOD PREPARATORY ACADEMY,72X514,X514,HIGH SCHOOL,3,26,11,*,,,*,,,*,,,*,,,6,7.9,4.9,14,9.6,9.3,*,,,*,,
2023,FREDERICK DOUGLASS ACADEMY III SECONDARY SCHOOL,72X517,X517,HIGH SCHOOL,2,24,4,*,,,*,,,11,10.9,7.7,*,,,7,9.9,6.6,5,14.9,10.3,*,,,*,,
2023,THE METROPOLITAN SOUNDVIEW HIGH SCHOOL,72X521,X521,HIGH SCHOOL,2,36,12,*,,,*,,,8,9.8,5,*,,,11,7.5,3.8,15,9.2,4.4,*,,,*,,
2023,BRONX DESIGN AND CONSTRUCTION ACADEMY,72X522,X522,HIGH SCHOOL,3,27,16,*,,,*,,,12,13.9,6.5,*,,,6,10.8,6.2,7,6.6,3.6,*,,,*,,
2023,CROTONA INTERNATIONAL HIGH SCHOOL,72X524,X524,HIGH SCHOOL,3,24,5,*,,,5,12.7,5.3,*,,,*,,,9,6,3.2,7,3.7,2.8,*,,,*,,
2023,BRONX LEADERSHIP ACADEMY HIGH SCHOOL,72X525,X525,HIGH SCHOOL,3,28,10,*,,,*,,,9,8.9,8.3,*,,,7,10,5.8,*,,,*,,,*,,
2023,BRONX LEADERSHIP ACADEMY II HIGH SCHOOL,72X527,X527,HIGH SCHOOL,4,39,17,*,,,*,,,19,8.2,5.6,*,,,*,,,16,10.8,5.3,*,,,*,,
2023,LONGWOOD PREPARATORY ACADEMY,72X530,X530,HIGH SCHOOL,3,34,10,*,,,*,,,14,10.7,4,*,,,10,7.2,3.6,7,9.5,5.4,*,,,*,,
2023,PELHAM PREPARATORY ACADEMY,72X542,X542,HIGH SCHOOL,3,33,7,*,,,*,,,*,,,*,,,13,13.2,8.6,17,8.9,6.1,*,,,*,,
2023,HIGH SCHOOL FOR VIOLIN AND DANCE,72X543,X543,HIGH SCHOOL,3,15,2,*,,,*,,,*,,,*,,,5,9.2,1.3,*,,,*,,,*,,
2023,HIGH SCHOOL FOR CONTEMPORARY ARTS,72X544,X544,HIGH SCHOOL,3,24,8,*,,,*,,,9,14.6,9.4,*,,,5,12.6,3.3,8,16.1,5.2,*,,,*,,
2023,BRONX AEROSPACE HIGH SCHOOL,72X545,X545,HIGH SCHOOL,2,18,7,*,,,*,,,6,19.4,11,*,,,*,,,8,17.2,6.1,*,,,*,,
2023,BRONX THEATRE HIGH SCHOOL,72X546,X546,HIGH SCHOOL,3,24,12,*,,,*,,,5,11.7,7.1,*,,,7,10.2,6.2,11,14.5,9.4,*,,,*,,
2023,CAREERS IN SPORTS HIGH SCHOOL,72X548,X548,HIGH SCHOOL,4,37,16,*,,,*,,,10,17.3,8.7,*,,,16,11.2,6.8,8,19.6,9.6,*,,,*,,
2023,DISCOVERY HIGH SCHOOL,72X549,X549,HIGH SCHOOL,2,31,8,*,,,7,10.9,6.9,*,,,*,,,*,,,15,8.7,6.4,*,,,*,,
2023,HIGH SCHOOL OF WORLD CULTURES,72X550,X550,HIGH SCHOOL,4,29,8,*,,,*,,,*,,,*,,,13,11.2,6.6,9,8.4,7.3,*,,,*,,
2023,MOTT HAVEN COMMUNITY HIGH SCHOOL,72X557,X557,HIGH SCHOOL,3,25,8,*,,,*,,,10,9.6,3,*,,,*,,,8,16.2,4.1,*,,,*,,
2023,WESTCHESTER SQUARE ACADEMY,72X558,X558,HIGH SCHOOL,4,31,10,*,,,*,,,6,5.8,2.1,*,,,9,4.1,3.9,12,7.2,3.1,*,,,*,,
2023,BRONX COMPASS HIGH SCHOOL,72X561,X561,HIGH SCHOOL,4,32,12,*,,,*,,,8,15.7,4.7,*,,,14,9.5,3.7,9,7.7,2.4,*,,,*,,
2023,CLAREMONT INTERNATIONAL HS,72X564,X564,HIGH SCHOOL,3,25,6,*,,,*,,,*,,,*,,,7,10.4,4.8,15,9.1,5.7,*,,,*,,
2023,HIGH SCHOOL FOR ENERGY AND TECHNOLOGY,72X565,X565,HIGH SCHOOL,4,33,14,*,,,*,,,13,10.7,3.7,*,,,14,4.9,2.2,5,7.9,5.4,*,,,*,,
2023,ALFRED E. SMITH CAREER AND TECHNICAL EDUCATION HIG,72X600,X600,HIGH SCHOOL,4,37,10,*,,,5,15.8,14.5,7,19.7,17.6,*,,,14,15.4,12.6,11,13.6,7.6,*,,,*,,
2023,HEALTH OPPORTUNITIES HIGH SCHOOL,72X670,X670,HIGH SCHOOL,3,22,8,*,,,*,,,5,14.1,8,*,,,5,14,11.9,8,13.1,7.5,*,,,*,,
2023,FANNIE LOU HAMER FREEDOM HIGH SCHOOL,72X682,X682,HIGH SCHOOL,3,41,11,*,,,*,,,5,8.5,2.3,*,,,17,8.5,5.6,18,12.1,8.7,*,,,*,,
2023,WINGS ACADEMY,72X684,X684,HIGH SCHOOL,3,24,8,*,,,*,,,15,15.9,11.8,*,,,*,,,*,,,*,,,*,,
2023,HIGH SCHOOL OF AMERICAN STUDIES AT LEHMAN COLLEGE,72X696,X696,HIGH SCHOOL,3,27,3,*,,,*,,,5,18.6,6.4,*,,,*,,,15,18.9,11.7,*,,,*,,
2023,PATHWAYS IN TECHNOLOGY EARLY COLLEGE HIGH SCHOOL (,73K122,K122,HIGH SCHOOL,5,33,12,*,,,*,,,21,12.3,5.1,*,,,*,,,10,13.7,5.8,*,,,*,,
2023,THE BROOKLYN SCHOOL FOR MATH AND RESEARCH,73K168,K168,HIGH SCHOOL,4,28,7,*,,,6,7.3,5.6,10,7.1,3.8,*,,,7,2.6,2.2,5,4.5,4.5,*,,,*,,
2023,INTERNATIONAL HIGH SCHOOL AT LAFAYETTE,73K337,K337,HIGH SCHOOL,3,23,7,*,,,9,13.7,6.5,*,,,*,,,*,,,12,11.6,7.4,*,,,*,,
2023,HIGH SCHOOL OF SPORTS MANAGEMENT,73K348,K348,HIGH SCHOOL,3,27,6,*,,,5,5.5,1.8,10,13.6,6,*,,,*,,,8,5.2,3.5,*,,,*,,
2023,URBAN ASSEMBLY SCHOOL OF MUSIC AND ART,73K350,K350,HIGH SCHOOL,3,10,4,*,,,*,,,*,,,*,,,*,,,5,10.3,6.9,*,,,*,,
2023,ACADEMY FOR EXCELLENCE IN LEADERSHIP,73K403,K403,HIGH SCHOOL,3,24,12,*,,,*,,,*,,,*,,,6,4.4,3.7,9,8.5,6.6,*,,,*,,
2023,MIDWOOD HIGH SCHOOL,73K405,K405,HIGH SCHOOL,12,227,52,*,,,20,6.4,4.1,38,12,7.6,*,,,23,9,6.4,142,11.5,9.4,*,,,*,,
2023,ACADEMY OF HOSPITALITY AND TOURISM,73K408,K408,HIGH SCHOOL,4,24,8,*,,,*,,,12,7.1,3.2,*,,,*,,,*,,,*,,,*,,
2023,BROOKLYN COMMUNITY ARTS & MEDIA HIGH SCHOOL (BCAM),73K412,K412,HIGH SCHOOL,3,48,10,*,,,6,8,6.7,21,14.4,6.3,*,,,5,8.7,2.4,15,8.3,5.6,*,,,*,,
2023,SCIENCE SKILLS CENTER HIGH SCHOOL FOR SCIENCE  TEC,73K419,K419,HIGH SCHOOL,4,37,11,*,,,5,11.7,9.7,14,8.8,5.2,*,,,*,,,10,9.2,7.3,*,,,*,,
2023,JAMES MADISON HIGH SCHOOL,73K425,K425,HIGH SCHOOL,11,198,59,*,,,11,8.2,4.5,28,15.7,10.1,*,,,14,12.9,8.9,142,13.5,10,*,,,*,,
2023,BROOKLYN INTERNATIONAL HIGH SCHOOL,73K439,K439,HIGH SCHOOL,2,25,5,*,,,*,,,*,,,*,,,*,,,17,13.9,11.8,*,,,*,,
2023,NEW UTRECHT HIGH SCHOOL,73K445,K445,HIGH SCHOOL,12,204,50,*,,,37,9,7.7,14,15.7,10.2,*,,,24,11.7,9.1,124,12.9,10.9,*,,,*,,
2023,BROOKLYN PREPARATORY HIGH SCHOOL,73K488,K488,HIGH SCHOOL,4,39,8,*,,,*,,,6,15.4,9.4,*,,,7,7.8,5.1,20,11.1,6.1,*,,,*,,
2023,BROOKLYN COLLEGIATE: A COLLEGE BOARD SCHOOL,73K493,K493,HIGH SCHOOL,4,36,14,*,,,*,,,15,7,4.1,*,,,*,,,12,7.7,3.7,*,,,*,,
2023,FDNY - CAPTAIN VERNON A. RICHARD HIGH SCHOOL FOR F,73K502,K502,HIGH SCHOOL,2,23,7,*,,,*,,,14,7.2,4.6,*,,,*,,,*,,,*,,,*,,
2023,HIGH SCHOOL FOR CIVIL RIGHTS,73K504,K504,HIGH SCHOOL,3,16,5,*,,,*,,,10,18.2,10.2,*,,,*,,,*,,,*,,,*,,
2023,FRANKLIN DELANO ROOSEVELT HIGH SCHOOL,73K505,K505,HIGH SCHOOL,12,218,68,*,,,37,9.7,7.3,28,10.7,7,*,,,36,11.4,9.8,106,11.5,9.2,*,,,8,11.2,8.8
2023,PERFORMING ARTS AND TECHNOLOGY HIGH SCHOOL,73K507,K507,HIGH SCHOOL,3,28,5,*,,,*,,,12,12.4,7.7,*,,,7,7.7,4.8,7,6,6,*,,,*,,
2023,WORLD ACADEMY FOR TOTAL COMMUNITY HEALTH HIGH SCHO,73K510,K510,HIGH SCHOOL,2,13,4,*,,,*,,,9,12.8,7.2,*,,,*,,,*,,,*,,,*,,
2023,FREDERICK DOUGLASS ACADEMY VII HIGH SCHOOL,73K514,K514,HIGH SCHOOL,2,18,6,*,,,*,,,8,8.7,4.1,*,,,*,,,6,9.9,4.7,*,,,*,,
2023,INTERNATIONAL HIGH SCHOOL AT PROSPECT HEIGHTS,73K524,K524,HIGH SCHOOL,3,24,7,*,,,6,9.3,8.5,*,,,*,,,*,,,10,13.5,8,*,,,*,,
2023,EDWARD R. MURROW HIGH SCHOOL,73K525,K525,HIGH SCHOOL,14,223,63,*,,,18,11.1,7.8,35,15.2,9.7,*,,,26,10.8,8.2,130,14.5,11,6,3,1.5,7,17,11
2023,THE HIGH SCHOOL FOR GLOBAL CITIZENSHIP,73K528,K528,HIGH SCHOOL,1,16,5,*,,,*,,,10,8,6.1,*,,,*,,,5,6.7,3.9,*,,,*,,
2023,SCHOOL FOR HUMAN RIGHTS  THE,73K531,K531,HIGH SCHOOL,2,15,10,*,,,*,,,11,11.9,4.2,*,,,*,,,*,,,*,,,*,,
2023,LEON M. GOLDSTEIN HIGH SCHOOL FOR THE SCIENCES,73K535,K535,HIGH SCHOOL,3,60,23,*,,,6,8.2,6.5,8,11.9,8.4,*,,,6,18.6,12.9,40,14.4,8.1,*,,,*,,
2023,HIGH SCHOOL FOR YOUTH AND COMMUNITY DEVELOPMENT AT,73K537,K537,HIGH SCHOOL,4,23,14,*,,,*,,,*,,,*,,,*,,,14,11.3,5.9,*,,,*,,
2023,HIGH SCHOOL FOR SERVICE & LEARNING AT ERASMUS,73K539,K539,HIGH SCHOOL,3,17,5,*,,,*,,,6,12.9,9.4,*,,,*,,,7,11.2,7.3,*,,,*,,
2023,JOHN DEWEY HIGH SCHOOL,73K540,K540,HIGH SCHOOL,12,153,36,*,,,13,8.4,4.9,16,12.2,6.8,*,,,13,7.8,6.7,108,12.1,8.2,*,,,*,,
2023,EBC HIGH SCHOOL FOR PUBLIC SERVICE - BUSHWICK,73K545,K545,HIGH SCHOOL,4,34,13,*,,,*,,,5,8.8,8,*,,,16,7.6,7.5,10,8.8,8.7,*,,,*,,
2023,HIGH SCHOOL FOR PUBLIC SERVICE: HEROES OF TOMORROW,73K546,K546,HIGH SCHOOL,4,30,12,*,,,*,,,9,12.8,8.1,*,,,*,,,14,15.1,8.2,*,,,*,,
2023,BROOKLYN ACADEMY OF SCIENCE AND THE ENVIRONMENT,73K547,K547,HIGH SCHOOL,2,19,8,*,,,*,,,5,15.4,11.5,*,,,*,,,8,10.8,7.5,*,,,*,,
2023,BROOKLYN SCHOOL FOR MUSIC & THEATRE,73K548,K548,HIGH SCHOOL,3,19,6,*,,,*,,,8,13.3,5.4,*,,,*,,,10,10,5.6,*,,,*,,
2023,THE BROOKLYN SCHOOL FOR SOCIAL JUSTICE,73K549,K549,HIGH SCHOOL,3,29,5,*,,,*,,,7,8.5,6.3,*,,,5,7.1,7.7,14,9.6,6.3,*,,,*,,
2023,THE ACADEMY OF URBAN PLANNING AND ENGINEERING,73K552,K552,HIGH SCHOOL,3,35,11,*,,,*,,,9,15.1,9.5,*,,,9,6.4,3.3,16,6.1,4.6,*,,,*,,
2023,BROOKLYN ACADEMY HIGH SCHOOL,73K553,K553,HIGH SCHOOL,2,11,4,*,,,*,,,9,22.2,8.4,*,,,*,,,*,,,*,,,*,,
2023,BROOKLYN COLLEGE ACADEMY,73K555,K555,HIGH SCHOOL,4,34,7,*,,,*,,,8,14.7,10.9,*,,,8,8.3,6.5,15,10.3,8.5,*,,,*,,
2023,BUSHWICK LEADERS HIGH SCHOOL FOR ACADEMIC EXCELLEN,73K556,K556,HIGH SCHOOL,2,34,11,*,,,*,,,6,8.3,3.3,*,,,8,6.9,4.5,17,5.5,3.9,*,,,*,,
2023,IT TAKES A VILLAGE ACADEMY,73K563,K563,HIGH SCHOOL,3,25,11,*,,,*,,,18,14.6,7.4,*,,,*,,,*,,,*,,,*,,
2023,BUSHWICK COMMUNITY HIGH SCHOOL,73K564,K564,HIGH SCHOOL,3,10,5,*,,,*,,,*,,,*,,,*,,,5,4.3,4.3,*,,,*,,
2023,BROOKLYN COMMUNITY HIGH SCHOOL FOR EXCELLENCE AND,73K566,K566,HIGH SCHOOL,2,17,10,*,,,*,,,5,8.5,7.7,*,,,*,,,8,15.6,8.3,*,,,*,,
2023,BROOKLYN THEATRE ARTS HIGH SCHOOL,73K567,K567,HIGH SCHOOL,3,17,8,*,,,*,,,9,15.4,4,*,,,*,,,7,17.3,8.6,*,,,*,,
2023,KURT HAHN EXPEDITIONARY LEARNING SCHOOL,73K569,K569,HIGH SCHOOL,2,18,7,*,,,*,,,10,7.9,3.5,*,,,*,,,6,9.5,4.3,*,,,*,,
2023,VICTORY COLLEGIATE HIGH SCHOOL,73K576,K576,HIGH SCHOOL,2,16,7,*,,,*,,,10,13.7,5.9,*,,,*,,,*,,,*,,,*,,
2023,BROOKLYN BRIDGE ACADEMY,73K578,K578,HIGH SCHOOL,2,13,3,*,,,*,,,*,,,*,,,*,,,6,16.9,12.4,*,,,*,,
2023,MULTICULTURAL HIGH SCHOOL,73K583,K583,HIGH SCHOOL,2,23,6,*,,,6,6,2.2,*,,,*,,,13,3.3,2.9,*,,,*,,,*,,
2023,KHALIL GIBRAN INTERNATIONAL ACADEMY,73K592,K592,HIGH SCHOOL,2,17,5,*,,,*,,,5,10.8,6.5,*,,,*,,,11,9.8,7.4,*,,,*,,
2023,GOTHAM PROFESSIONAL ARTS ACADEMY,73K594,K594,HIGH SCHOOL,2,21,5,*,,,*,,,*,,,*,,,6,13.1,4.6,7,8.4,3.3,*,,,*,,
2023,BEDFORD ACADEMY HIGH SCHOOL,73K595,K595,HIGH SCHOOL,1,23,7,*,,,5,7.8,5.7,14,15.8,7.2,*,,,*,,,*,,,*,,,*,,
2023,CLARA BARTON HIGH SCHOOL,73K600,K600,HIGH SCHOOL,8,90,41,*,,,*,,,43,12.8,8.5,*,,,6,13,7.7,34,11.4,7.1,*,,,*,,
2023,ORIGINS HIGH SCHOOL,73K611,K611,HIGH SCHOOL,3,38,9,*,,,5,2.9,2.9,8,6.2,3.2,*,,,*,,,21,6.9,5,*,,,*,,
2023,TRANSIT TECH CAREER AND TECHNICAL EDUCATION HIGH S,73K615,K615,HIGH SCHOOL,6,78,26,*,,,8,11.9,6.3,39,14.1,6.2,*,,,16,13.6,8,12,14.2,8.8,*,,,*,,
2023,BROOKLYN HIGH SCHOOL FOR LEADERSHIP AND COMMUNITY,73K616,K616,HIGH SCHOOL,3,13,4,*,,,*,,,*,,,*,,,*,,,7,11.7,8.7,*,,,*,,
2023,HIGH SCHOOL FOR INNOVATION IN ADVERTISING AND MEDI,73K617,K617,HIGH SCHOOL,4,28,6,*,,,6,14.1,4.7,11,5.9,2.3,*,,,*,,,*,,,*,,,*,,
2023,ACADEMY OF INNOVATIVE TECHNOLOGY,73K618,K618,HIGH SCHOOL,3,35,9,*,,,*,,,13,8.6,6.1,*,,,*,,,10,10.4,6.4,*,,,*,,
2023,CULTURAL ACADEMY FOR THE ARTS AND SCIENCES,73K629,K629,HIGH SCHOOL,3,22,8,*,,,*,,,10,9.7,3.4,*,,,*,,,8,16.1,5.2,*,,,*,,
2023,PROFESSIONAL PATHWAYS HIGH SCHOOL,73K630,K630,HIGH SCHOOL,3,17,4,*,,,*,,,*,,,*,,,*,,,13,12.9,7.1,*,,,*,,
2023,HIGH SCHOOL FOR MEDICAL PROFESSIONS,73K633,K633,HIGH SCHOOL,3,30,5,*,,,*,,,14,14.9,7.4,*,,,*,,,14,11,7.8,*,,,*,,
2023,OLYMPUS ACADEMY,73K635,K635,HIGH SCHOOL,2,16,5,*,,,*,,,6,6.6,6.3,*,,,*,,,7,11.4,7.4,*,,,*,,
2023,ACADEMY FOR CONSERVATION AND THE ENVIRONMENT,73K637,K637,HIGH SCHOOL,3,30,10,*,,,*,,,12,6.3,4.5,*,,,*,,,11,8.5,3.6,*,,,*,,
2023,BROOKLYN LAB SCHOOL,73K639,K639,HIGH SCHOOL,4,27,9,*,,,*,,,10,11.9,4.7,*,,,7,10.9,6.7,8,16,6.7,*,,,*,,
2023,URBAN ACTION ACADEMY,73K642,K642,HIGH SCHOOL,3,10,5,*,,,*,,,5,21.6,4.7,*,,,*,,,5,13,3.1,*,,,*,,
2023,BROOKLYN DEMOCRACY ACADEMY,73K643,K643,HIGH SCHOOL,2,14,5,*,,,*,,,8,6.7,2.3,*,,,*,,,5,4.6,3.8,*,,,*,,
2023,ASPIRATIONS DIPLOMA PLUS HIGH SCHOOL,73K646,K646,HIGH SCHOOL,3,14,5,*,,,*,,,7,19.1,7,*,,,*,,,*,,,*,,,*,,
2023,CYPRESS HILLS COLLEGIATE PREPARATORY SCHOOL,73K659,K659,HIGH SCHOOL,3,29,9,*,,,*,,,6,6.5,2.1,*,,,7,5.1,3.7,11,9.4,6.4,*,,,*,,
2023,W. H. MAXWELL CAREER AND TECHNICAL EDUCATION HIGH,73K660,K660,HIGH SCHOOL,4,46,18,*,,,8,6.6,4.7,23,11.3,7.1,*,,,6,14.6,10.7,7,24.5,16.3,*,,,*,,
2023,SUNSET PARK HIGH SCHOOL,73K667,K667,HIGH SCHOOL,6,112,17,*,,,16,5.7,3.8,8,9.8,7.1,*,,,30,6.6,4.8,50,9.3,7,*,,,5,10,9.2
2023,BENJAMIN BANNEKER ACADEMY,73K670,K670,HIGH SCHOOL,5,48,17,*,,,*,,,27,13,8.4,*,,,*,,,16,11.5,6.5,*,,,*,,
2023,SCHOOL FOR CLASSICS HIGH SCHOOL,73K683,K683,HIGH SCHOOL,2,22,6,*,,,*,,,6,8.1,4.2,*,,,*,,,7,14.6,7,*,,,*,,
2023,MILLENNIUM BROOKLYN HS,73K684,K684,HIGH SCHOOL,4,66,9,*,,,6,9.9,3.3,7,9.1,3,*,,,5,5.7,4.1,43,9.8,6.3,*,,,*,,
2023,TEACHERS PREPARATORY HIGH SCHOOL,73K697,K697,HIGH SCHOOL,2,18,8,*,,,*,,,15,17.4,11.7,*,,,*,,,*,,,*,,,*,,
2023,BROOKLYN INSTITUTE FOR LIBERAL ARTS,73K745,K745,HIGH SCHOOL,4,37,10,*,,,*,,,12,5.4,3.4,*,,,*,,,18,3.5,3.4,*,,,*,,
2023,ACADEMY FOR HEALTH CAREERS,73K751,K751,HIGH SCHOOL,3,18,3,*,,,*,,,12,11.9,5.1,*,,,*,,,*,,,*,,,*,,
2023,THE URBAN ASSEMBLY SCHOOL FOR COLLABORATIVE HEALTH,73K764,K764,HIGH SCHOOL,2,26,5,*,,,*,,,7,6.8,3.8,*,,,*,,,15,6.9,4,*,,,*,,
2023,NELSON MANDELA HIGH SCHOOL,73K765,K765,HIGH SCHOOL,1,17,4,*,,,*,,,10,15,5.8,*,,,*,,,*,,,*,,,*,,
2023,RACHEL CARSON HIGH SCHOOL FOR COASTAL STUDIES,76K344,K344,HIGH SCHOOL,5,38,17,*,,,*,,,*,,,*,,,*,,,27,9.4,5.9,*,,,*,,
2023,ABRAHAM LINCOLN HIGH SCHOOL,76K410,K410,HIGH SCHOOL,9,121,41,*,,,13,4.4,4.1,21,9.4,6.1,*,,,18,8.1,7.3,64,14.8,11.4,*,,,*,,
2023,BROOKLYN FRONTIERS HIGH SCHOOL,76K423,K423,HIGH SCHOOL,3,18,3,*,,,*,,,*,,,*,,,*,,,12,9.9,6.4,*,,,*,,
2023,DIGITAL ARTS AND CINEMA TECHNOLOGY HIGH SCHOOL,76K429,K429,HIGH SCHOOL,2,27,7,*,,,*,,,*,,,*,,,*,,,18,5.9,4.1,*,,,*,,
2023,BROOKLYN TECHNICAL HIGH SCHOOL,76K430,K430,HIGH SCHOOL,14,288,47,*,,,51,9.9,6.2,27,15.5,9.9,*,,,27,16.4,10.7,166,14.1,8.7,7,3.6,1.7,10,11.2,7.5
2023,BROOKLYN LATIN SCHOOL  THE,76K449,K449,HIGH SCHOOL,4,46,10,*,,,11,3.9,3.4,*,,,*,,,7,10.5,5.1,27,7.2,5.2,*,,,*,,
2023,THE WILLIAMSBURG HIGH SCHOOL OF ART AND TECHNOLOGY,76K454,K454,HIGH SCHOOL,3,30,11,*,,,*,,,11,7.3,4.3,*,,,5,6.2,4.2,12,7.9,6.1,*,,,*,,
2023,BOYS AND GIRLS HIGH SCHOOL,76K455,K455,HIGH SCHOOL,4,42,19,*,,,*,,,30,13.5,7.6,*,,,6,10,8.3,5,9,3.9,*,,,*,,
2023,JOHN JAY SCHOOL FOR LAW,76K462,K462,HIGH SCHOOL,3,37,7,*,,,5,3.4,3.2,12,4.4,1.8,*,,,5,5.1,1.4,13,7.8,4.6,*,,,*,,
2023,CYBERARTS STUDIO ACADEMY,76K463,K463,HIGH SCHOOL,2,24,6,*,,,*,,,13,14.9,5.1,*,,,*,,,8,8,5.1,*,,,*,,
2023,PROGRESS HIGH SCHOOL FOR PROFESSIONAL CAREERS,76K474,K474,HIGH SCHOOL,4,31,15,*,,,*,,,9,13.9,9.9,*,,,7,10.5,9.1,12,15,9.4,*,,,*,,
2023,EAST WILLIAMSBURG SCHOLARS ACADEMY,76K477,K477,HIGH SCHOOL,4,37,6,*,,,6,16.4,12.8,12,12.7,7,*,,,6,7.5,6.6,12,13.5,3.1,*,,,*,,
2023,THE HIGH SCHOOL FOR ENTERPRISE  BUSINESS AND TECHN,76K478,K478,HIGH SCHOOL,4,37,8,*,,,8,14.9,12.7,5,3.5,3.5,*,,,9,10.4,6.2,10,15.4,13.8,*,,,*,,
2023,THE URBAN ASSEMBLY SCHOOL FOR LAW AND JUSTICE,76K483,K483,HIGH SCHOOL,3,29,5,*,,,*,,,6,8.6,4.6,*,,,*,,,16,9.3,4,*,,,*,,
2023,HIGH SCHOOL OF TELECOMMUNICATION ARTS AND TECHNOLO,76K485,K485,HIGH SCHOOL,7,97,24,*,,,12,3.6,3.5,8,10.5,6.8,*,,,20,7.2,5.6,55,8.6,8.4,*,,,*,,
2023,FORT HAMILTON HIGH SCHOOL,76K490,K490,HIGH SCHOOL,15,224,71,*,,,24,12.5,10.7,9,13.3,8.4,*,,,24,8.5,7.7,159,13.7,11.6,*,,,5,15.6,13.5
2023,BROOKLYN HIGH SCHOOL FOR LAW AND TECHNOLOGY,76K498,K498,HIGH SCHOOL,3,40,6,*,,,*,,,11,16.4,8.3,*,,,7,9.6,6.5,16,9.3,6.7,*,,,*,,
2023,COBBLE HILL SCHOOL OF AMERICAN STUDIES,76K519,K519,HIGH SCHOOL,2,26,9,*,,,*,,,8,14.3,6.6,*,,,*,,,12,12,7.6,*,,,*,,
2023,WEST BROOKLYN COMMUNITY HIGH SCHOOL,76K529,K529,HIGH SCHOOL,1,16,3,*,,,*,,,7,14.1,6,*,,,*,,,6,10.8,8.2,*,,,*,,
2023,WILLIAMSBURG HIGH SCHOOL FOR ARCHITECTURE AND DESI,76K558,K558,HIGH SCHOOL,4,34,11,*,,,*,,,7,10.8,9.8,*,,,7,12.9,9.1,19,10.8,8.5,*,,,*,,
2023,LIFE ACADEMY HIGH SCHOOL FOR FILM AND MUSIC,76K559,K559,HIGH SCHOOL,2,17,4,*,,,*,,,*,,,*,,,*,,,9,13.2,8,*,,,*,,
2023,WILLIAMSBURG PREPARATORY SCHOOL,76K561,K561,HIGH SCHOOL,4,53,12,*,,,*,,,8,6.3,3.2,*,,,9,10.1,6.2,35,9.4,5.5,*,,,*,,
2023,BROWNSVILLE ACADEMY HIGH SCHOOL,76K568,K568,HIGH SCHOOL,2,6,4,*,,,*,,,*,,,*,,,*,,,*,,,*,,,*,,
2023,LEADERS HIGH SCHOOL,76K572,K572,HIGH SCHOOL,3,30,12,*,,,*,,,5,5.9,2.4,*,,,*,,,16,9,6.5,*,,,*,,
2023,GEORGE WESTINGHOUSE CAREER AND TECHNICAL EDUCATION,76K605,K605,HIGH SCHOOL,5,53,18,*,,,*,,,15,12.3,9,*,,,5,8.6,1.8,25,8.8,6.5,*,,,*,,
2023,A-TECH HIGH SCHOOL,76K610,K610,HIGH SCHOOL,4,36,11,*,,,*,,,15,9.1,3.5,*,,,6,13.7,5.8,12,9.6,5.2,*,,,*,,
2023,WILLIAM E. GRADY CAREER AND TECHNICAL EDUCATION HI,76K620,K620,HIGH SCHOOL,5,51,20,*,,,8,8.8,6.2,13,7.9,7.3,*,,,5,13.7,9.6,23,14.1,11.2,*,,,*,,
2023,METROPOLITAN DIPLOMA PLUS HIGH SCHOOL,76K647,K647,HIGH SCHOOL,3,16,4,*,,,*,,,8,11,6.6,*,,,*,,,6,14.8,6.9,*,,,*,,
2023,BROOKLYN HIGH SCHOOL OF THE ARTS,76K656,K656,HIGH SCHOOL,4,67,12,*,,,5,6.6,4.6,16,14.8,10.2,*,,,8,7,6.5,36,10.6,7.1,*,,,*,,
2023,RESEARCH AND SERVICE HIGH SCHOOL,76K669,K669,HIGH SCHOOL,3,16,3,*,,,*,,,11,11.3,4.4,*,,,*,,,*,,,*,,,*,,
2023,EAST BROOKLYN COMMUNITY HIGH SCHOOL,76K673,K673,HIGH SCHOOL,2,18,4,*,,,*,,,*,,,*,,,*,,,11,10.8,7.7,*,,,*,,
2023,CITY POLYTECHNIC HIGH SCHOOL OF ENGINEERING  ARCHI,76K674,K674,HIGH SCHOOL,3,34,14,*,,,*,,,9,7.1,4.8,*,,,5,4.2,4.2,13,10.7,5,*,,,*,,
2023,EL PUENTE ACADEMY FOR PEACE AND JUSTICE,76K685,K685,HIGH SCHOOL,2,16,7,*,,,*,,,*,,,*,,,7,14.1,11.5,*,,,*,,,*,,
2023,THE BROOKLYN ACADEMY OF GLOBAL FINANCE,76K688,K688,HIGH SCHOOL,2,17,4,*,,,*,,,8,9.7,4,*,,,*,,,5,7.3,2.7,*,,,*,,
2023,SOUTH BROOKLYN COMMUNITY HIGH SCHOOL,76K698,K698,HIGH SCHOOL,3,12,7,*,,,*,,,*,,,*,,,*,,,7,14.7,8.4,*,,,*,,
2023,LIBERATION DIPLOMA PLUS,76K728,K728,HIGH SCHOOL,2,14,6,*,,,*,,,7,9.5,3.3,*,,,*,,,*,,,*,,,*,,
2023,CSI HIGH SCHOOL FOR INTERNATIONAL STUDIES,76R047,R047,HIGH SCHOOL,3,26,14,*,,,*,,,*,,,*,,,*,,,21,14.5,10.8,*,,,*,,
2023,GAYNOR MCCOWN EXPEDITIONARY LEARNING SCHOOL,76R064,R064,HIGH SCHOOL,3,32,11,*,,,*,,,*,,,*,,,*,,,27,11.8,9.7,*,,,*,,
2023,NEW DORP HIGH SCHOOL,76R440,R440,HIGH SCHOOL,13,209,101,*,,,9,12.7,11.1,*,,,*,,,14,8.1,7.4,169,10.2,8.8,*,,,10,9.7,8.5
2023,PORT RICHMOND HIGH SCHOOL,76R445,R445,HIGH SCHOOL,10,128,47,*,,,*,,,8,5.9,2.4,*,,,20,11,5.9,94,11.3,9,*,,,*,,
2023,CURTIS HIGH SCHOOL,76R450,R450,HIGH SCHOOL,13,141,33,*,,,*,,,14,16.3,11.1,*,,,24,10.5,8.8,97,14.5,12.8,*,,,*,,
2023,TOTTENVILLE HIGH SCHOOL,76R455,R455,HIGH SCHOOL,13,230,130,*,,,5,6.3,4.7,*,,,*,,,20,11.4,8.3,195,12.9,10.2,*,,,*,,
2023,SUSAN E. WAGNER HIGH SCHOOL,76R460,R460,HIGH SCHOOL,14,184,129,*,,,5,11.8,10.1,*,,,*,,,26,11.3,9.4,140,12.6,10.4,*,,,5,11.3,10.4
2023,CONCORD HIGH SCHOOL,76R470,R470,HIGH SCHOOL,2,17,6,*,,,*,,,*,,,*,,,*,,,10,18.6,5.3,*,,,*,,
2023,RALPH R. MCKEE CAREER AND TECHNICAL EDUCATION HIGH,76R600,R600,HIGH SCHOOL,7,69,31,*,,,*,,,*,,,*,,,*,,,59,8.8,6.5,*,,,*,,
2023,STATEN ISLAND TECHNICAL HIGH SCHOOL,76R605,R605,HIGH SCHOOL,7,64,17,*,,,*,,,*,,,*,,,*,,,56,13.9,10.6,*,,,*,,
2023,INTERNATIONAL HIGH SCHOOL FOR HEALTH SCIENCES,77Q236,Q236,HIGH SCHOOL,2,22,6,*,,,5,9.4,6,*,,,*,,,*,,,11,12.9,5.2,*,,,*,,
2023,VERITAS ACADEMY,77Q240,Q240,HIGH SCHOOL,4,45,11,*,,,*,,,6,10.3,2.3,*,,,7,12.4,5.5,27,10.6,6.3,*,,,*,,
2023,QUEENS HIGH SCHOOL FOR LANGUAGE STUDIES,77Q241,Q241,HIGH SCHOOL,3,28,5,*,,,12,7.2,5.7,*,,,*,,,5,4.9,3.3,8,13.2,5.3,*,,,*,,
2023,INSTITUTE FOR HEALTH PROFESSIONS AT CAMBRIA HEIGHT,77Q243,Q243,HIGH SCHOOL,3,38,5,*,,,*,,,16,8.2,4.6,*,,,*,,,16,10.6,6.3,*,,,*,,
2023,QUEENS PREPARATORY ACADEMY,77Q248,Q248,HIGH SCHOOL,2,19,4,*,,,*,,,7,8.7,5.3,*,,,*,,,6,11.5,4.6,*,,,*,,
2023,ENERGY TECH HIGH SCHOOL,77Q258,Q258,HIGH SCHOOL,3,39,10,*,,,6,4.1,2.6,*,,,*,,,8,8.9,5.2,21,6.4,3.4,*,,,*,,
2023,FREDERICK DOUGLASS ACADEMY VI HIGH SCHOOL,77Q260,Q260,HIGH SCHOOL,3,25,6,*,,,*,,,9,14,6.9,*,,,*,,,13,13.4,7.4,*,,,*,,
2023,VOYAGES PREP - SOUTH QUEENS,77Q261,Q261,HIGH SCHOOL,3,19,5,*,,,*,,,*,,,*,,,*,,,12,14.6,6.6,*,,,*,,
2023,FLUSHING INTERNATIONAL HIGH SCHOOL,77Q263,Q263,HIGH SCHOOL,3,31,5,*,,,9,10.6,8.3,*,,,*,,,7,9.7,8.8,13,14,9.8,*,,,*,,
2023,ACADEMY OF FINANCE AND ENTERPRISE,77Q264,Q264,HIGH SCHOOL,4,50,10,*,,,11,8.7,5.7,*,,,*,,,12,10.8,6.5,24,12.2,6.5,*,,,*,,
2023,EXCELSIOR PREPARATORY HIGH SCHOOL,77Q265,Q265,HIGH SCHOOL,2,25,4,*,,,*,,,11,12.5,8.8,*,,,*,,,8,12.7,12.3,*,,,*,,
2023,HIGH SCHOOL OF APPLIED COMMUNICATION,77Q267,Q267,HIGH SCHOOL,3,28,6,*,,,6,5.4,3.7,*,,,*,,,7,9.1,4.7,12,9.8,7.2,*,,,*,,
2023,GEORGE WASHINGTON CARVER HIGH SCHOOL FOR THE SCIEN,77Q272,Q272,HIGH SCHOOL,3,26,8,*,,,*,,,12,16.3,6,*,,,*,,,7,21.8,9.7,*,,,*,,
2023,CIVIC LEADERSHIP ACADEMY,77Q293,Q293,HIGH SCHOOL,3,39,13,*,,,*,,,5,11.7,8.4,*,,,6,8.7,6.2,25,9.6,6.4,*,,,*,,
2023,PAN AMERICAN INTERNATIONAL HIGH SCHOOL,77Q296,Q296,HIGH SCHOOL,3,31,7,*,,,*,,,*,,,*,,,18,7.6,4.9,7,10.9,5.9,*,,,*,,
2023,BARD HIGH SCHOOL EARLY COLLEGE QUEENS,77Q299,Q299,HIGH SCHOOL,2,48,7,*,,,6,6.5,6,*,,,*,,,6,7.6,2.7,30,9.4,8.2,*,,,*,,
2023,ACADEMY FOR CAREERS IN TELEVISION AND FILM,77Q301,Q301,HIGH SCHOOL,3,47,10,*,,,*,,,*,,,*,,,9,4.3,5.3,30,8.9,7,*,,,*,,
2023,QUEENS HIGH SCHOOL FOR INFORMATION  RESEARCH  AND,77Q302,Q302,HIGH SCHOOL,4,34,7,*,,,*,,,9,12.5,5,*,,,6,11.4,4.7,18,12.2,5.8,*,,,*,,
2023,ROBERT H. GODDARD HIGH SCHOOL OF COMMUNICATION ART,77Q308,Q308,HIGH SCHOOL,3,40,11,*,,,5,13.1,7.5,*,,,*,,,5,17.6,11.9,26,13.8,8.5,*,,,*,,
2023,BENJAMIN FRANKLIN HIGH SCHOOL FOR FINANCE & INFORM,77Q313,Q313,HIGH SCHOOL,3,28,4,*,,,6,7.1,3.6,7,9.9,2.5,*,,,*,,,12,12.6,4.3,*,,,*,,
2023,EPIC HIGH SCHOOL - SOUTH,77Q314,Q314,HIGH SCHOOL,3,30,7,*,,,5,5,2.1,7,4.2,1.6,*,,,6,6.3,3.3,11,10.5,1.3,*,,,*,,
2023,BUSINESS TECHNOLOGY EARLY COLLEGE HIGH SCHOOL,77Q315,Q315,HIGH SCHOOL,4,35,9,*,,,8,6.2,4.4,6,9.4,5.4,*,,,8,8.6,4.1,12,11,5.4,*,,,*,,
2023,ROCKAWAY PARK HIGH SCHOOL FOR ENVIRONMENTAL SUSTAI,77Q324,Q324,HIGH SCHOOL,3,23,6,*,,,*,,,*,,,*,,,*,,,16,13.1,7.2,*,,,*,,
2023,HILLSIDE ARTS & LETTERS ACADEMY,77Q325,Q325,HIGH SCHOOL,3,29,5,*,,,*,,,6,6.3,2.4,*,,,5,10.9,7.9,13,10.6,6.4,*,,,*,,
2023,CAMBRIA HEIGHTS ACADEMY,77Q326,Q326,HIGH SCHOOL,3,26,5,*,,,*,,,9,9.7,3.4,*,,,*,,,11,8.2,6,*,,,*,,
2023,HIGH SCHOOL FOR COMMUNITY LEADERSHIP,77Q328,Q328,HIGH SCHOOL,3,29,7,*,,,*,,,*,,,*,,,6,12.2,6.1,13,8.7,6.9,*,,,*,,
2023,EPIC HIGH SCHOOL - NORTH,77Q334,Q334,HIGH SCHOOL,1,27,5,*,,,8,5.9,3.5,*,,,*,,,5,8.8,3.2,11,5.2,3.7,*,,,*,,
2023,QUEENS SATELLITE HIGH SCHOOL FOR OPPORTUNITY,77Q338,Q338,HIGH SCHOOL,2,8,5,*,,,*,,,*,,,*,,,*,,,5,15,7.1,*,,,*,,
2023,JAMAICA GATEWAY TO THE SCIENCES,77Q350,Q350,HIGH SCHOOL,3,31,7,*,,,7,2.7,2.2,5,5.5,4.1,*,,,*,,,13,9,4.8,*,,,*,,
2023,ROCKAWAY COLLEGIATE HIGH SCHOOL,77Q351,Q351,HIGH SCHOOL,3,25,6,*,,,*,,,6,10.6,6.6,*,,,5,9.5,5.4,12,7.9,3.3,*,,,*,,
2023,AUGUST MARTIN HIGH SCHOOL,77Q400,Q400,HIGH SCHOOL,3,41,8,*,,,*,,,14,11.1,3.6,*,,,*,,,17,5.8,3.7,*,,,*,,
2023,BENJAMIN N. CARDOZO HIGH SCHOOL,77Q415,Q415,HIGH SCHOOL,10,193,37,*,,,35,14.9,11.6,11,14.9,9.9,*,,,26,11.8,9,116,14.5,11.7,*,,,*,,
2023,JOHN BOWNE HIGH SCHOOL,77Q425,Q425,HIGH SCHOOL,13,196,61,*,,,36,11.4,9.4,19,13,8.6,*,,,36,11.4,8.6,92,12.7,9.7,*,,,8,12.2,11.7
2023,FRANCIS LEWIS HIGH SCHOOL,77Q430,Q430,HIGH SCHOOL,11,241,72,*,,,53,11.9,9.9,18,15.4,10.6,*,,,27,11.7,9.4,135,13.6,10.3,*,,,7,11.3,8.8
2023,MARTIN VAN BUREN HIGH SCHOOL,77Q435,Q435,HIGH SCHOOL,9,71,18,*,,,11,20.6,14.8,8,15.6,7.4,*,,,9,13.6,8,41,15.9,13.1,*,,,*,,
2023,FOREST HILLS HIGH SCHOOL,77Q440,Q440,HIGH SCHOOL,11,219,37,*,,,30,8.9,5.5,5,10.6,4.3,*,,,32,11.3,8.8,137,13.1,10.9,*,,,11,12.8,10.5
2023,WILLIAM CULLEN BRYANT HIGH SCHOOL,77Q445,Q445,HIGH SCHOOL,12,145,32,*,,,15,8.5,7.9,15,5.3,4.1,*,,,43,7.8,6.4,67,9.9,8.2,*,,,*,,
2023,LONG ISLAND CITY HIGH SCHOOL,77Q450,Q450,HIGH SCHOOL,12,135,37,*,,,18,10.5,8.6,8,9.8,6.1,*,,,33,10.7,8.4,74,13.7,11,*,,,*,,
2023,NEWTOWN HIGH SCHOOL,77Q455,Q455,HIGH SCHOOL,12,107,29,*,,,23,13.3,10.3,9,16.4,13,*,,,26,11.3,9.2,45,12.1,10.8,*,,,*,,
2023,FLUSHING HIGH SCHOOL,77Q460,Q460,HIGH SCHOOL,9,88,21,*,,,10,6.9,5.3,14,11.2,10.1,*,,,25,7,5.5,37,11.5,9,*,,,*,,
2023,RICHMOND HILL HIGH SCHOOL,77Q475,Q475,HIGH SCHOOL,12,117,26,*,,,23,13,10.7,17,13.5,10.4,*,,,29,9.2,6.5,45,15.1,13.5,*,,,*,,
2023,JOHN ADAMS HIGH SCHOOL,77Q480,Q480,HIGH SCHOOL,10,171,52,*,,,30,10.4,7.3,12,10.3,6,*,,,34,9.7,7.5,85,10.1,7.2,*,,,*,,
2023,GROVER CLEVELAND HIGH SCHOOL,77Q485,Q485,HIGH SCHOOL,9,101,33,*,,,13,8.1,7,10,15.6,9.3,*,,,18,12.6,12,56,15.6,14.7,*,,,*,,
2023,MATHEMATICS  SCIENCE RESEARCH AND TECHNOLOGY MAGNE,77Q492,Q492,HIGH SCHOOL,3,28,7,*,,,5,10.3,1.5,11,7,3.6,*,,,*,,,8,7.5,2.9,*,,,*,,
2023,BAYSIDE HIGH SCHOOL,77Q495,Q495,HIGH SCHOOL,13,170,51,*,,,34,14.4,9.7,9,18.1,7.7,*,,,14,9.3,7.8,110,14,11.9,*,,,*,,
2023,HEALTH  ARTS  ROBOTICS  AND TECHNOLOGY HIGH SCHOOL,77Q498,Q498,HIGH SCHOOL,2,34,6,*,,,*,,,9,8,2.9,*,,,*,,,16,13.3,6.6,*,,,*,,
2023,FRANK SINATRA SCHOOL OF THE ARTS HIGH SCHOOL,77Q501,Q501,HIGH SCHOOL,5,56,12,*,,,*,,,6,10.4,4.9,*,,,10,13,4.6,38,13.8,8.9,*,,,*,,
2023,INFORMATION TECHNOLOGY HIGH SCHOOL,77Q502,Q502,HIGH SCHOOL,4,56,17,*,,,14,13,11.9,10,12.4,7.4,*,,,9,9.9,3.4,23,16.4,11.4,*,,,*,,
2023,HILLCREST HIGH SCHOOL,77Q505,Q505,HIGH SCHOOL,13,151,42,*,,,34,12.8,10.5,24,18.4,14.2,*,,,18,13.8,11.8,72,15,11.3,*,,,*,,
2023,MIDDLE COLLEGE HIGH SCHOOL AT LAGUARDIA COMMUNITY,77Q520,Q520,HIGH SCHOOL,3,27,8,*,,,*,,,*,,,*,,,7,9.8,8.9,14,15.7,11.4,*,,,*,,
2023,TOWNSEND HARRIS HIGH SCHOOL,77Q525,Q525,HIGH SCHOOL,6,86,19,*,,,9,12.4,11,6,11,8.1,*,,,14,10.9,5.3,54,14.1,8.6,*,,,*,,
2023,INTERNATIONAL HIGH SCHOOL AT LAGUARDIA COMMUNITY C,77Q530,Q530,HIGH SCHOOL,3,29,6,*,,,6,10.3,7.6,*,,,*,,,7,11.9,6.9,14,14.3,12.6,*,,,*,,
2023,QUEENS ACADEMY HIGH SCHOOL,77Q540,Q540,HIGH SCHOOL,3,22,7,*,,,*,,,*,,,*,,,5,2.5,1.7,13,8.3,5.1,*,,,*,,
2023,HIGH SCHOOL FOR ARTS AND BUSINESS,77Q550,Q550,HIGH SCHOOL,5,49,15,*,,,*,,,*,,,*,,,9,16.6,15.2,33,14.2,10.1,*,,,*,,
2023,NEWCOMERS HIGH SCHOOL,77Q555,Q555,HIGH SCHOOL,6,71,12,*,,,8,3.1,0.5,5,13,5,*,,,29,12.8,9.3,27,11.3,8.8,*,,,*,,
2023,QUEENS HIGH SCHOOL OF TEACHING  LIBERAL ARTS AND T,77Q566,Q566,HIGH SCHOOL,5,70,14,*,,,10,10.9,7.6,10,9.7,6.6,*,,,9,13.9,10.3,37,14.7,10.8,*,,,*,,
2023,ACADEMY OF AMERICAN STUDIES,77Q575,Q575,HIGH SCHOOL,7,74,17,*,,,15,7.7,3.9,*,,,*,,,9,11.1,5.7,43,12.3,8.7,*,,,*,,
2023,MASPETH HIGH SCHOOL,77Q585,Q585,HIGH SCHOOL,4,75,16,*,,,14,5.5,4.4,*,,,*,,,8,8.9,2.9,52,6.7,4.3,*,,,*,,
2023,QUEENS TECHNICAL HIGH SCHOOL,77Q600,Q600,HIGH SCHOOL,8,103,22,*,,,8,9.7,9.5,13,14.2,12.9,*,,,18,9.8,9.4,57,12.3,9.9,*,,,*,,
2023,AVIATION CAREER & TECHNICAL EDUCATION HIGH SCHOOL,77Q610,Q610,HIGH SCHOOL,8,129,25,*,,,11,11.8,12,15,15,14.7,*,,,43,12.9,11.4,54,15.3,14.2,*,,,5,13.8,12.2
2023,THOMAS A. EDISON CAREER AND TECHNICAL EDUCATION HI,77Q620,Q620,HIGH SCHOOL,11,126,35,*,,,17,7.7,6.5,15,11.2,8.2,*,,,24,10.6,7.7,65,14.1,10.8,*,,,*,,
2023,HIGH SCHOOL FOR CONSTRUCTION TRADES  ENGINEERING A,77Q650,Q650,HIGH SCHOOL,3,67,16,*,,,8,5.1,2.9,13,9.9,7.1,*,,,11,12.2,8.4,33,13.2,6.8,*,,,*,,
2023,ROBERT F. KENNEDY COMMUNITY HIGH SCHOOL,77Q670,Q670,HIGH SCHOOL,3,37,8,*,,,*,,,*,,,*,,,*,,,28,16.7,12.7,*,,,*,,
2023,QUEENS METROPOLITAN HIGH SCHOOL,77Q686,Q686,HIGH SCHOOL,5,63,14,*,,,7,8.9,6.6,*,,,*,,,5,14,10.7,45,13.5,8.3,*,,,*,,
2023,QUEENS HIGH SCHOOL FOR THE SCIENCES AT YORK COLLEG,77Q687,Q687,HIGH SCHOOL,3,28,7,*,,,8,7.2,3.4,*,,,*,,,*,,,15,10.8,7.2,*,,,*,,
2023,HIGH SCHOOL FOR LAW ENFORCEMENT AND PUBLIC SAFETY,77Q690,Q690,HIGH SCHOOL,3,30,7,*,,,*,,,15,13.1,7,*,,,*,,,6,15.4,13.6,*,,,*,,
2023,VOYAGES PREPARATORY,77Q744,Q744,HIGH SCHOOL,2,17,4,*,,,*,,,*,,,*,,,7,13.6,8.4,6,12.2,10.3,*,,,*,,
2023,NORTH QUEENS COMMUNITY HIGH SCHOOL,77Q792,Q792,HIGH SCHOOL,2,9,2,*,,,*,,,*,,,*,,,*,,,6,15.8,8.3,*,,,*,,
2023,P.S. 371 - LILLIAN L. RASHKIS,97K371,K371,HIGH SCHOOL,3,44,66,*,,,*,,,7,10.6,11.7,*,,,*,,,28,11.7,8.8,*,,,*,,
2023,P.S. 373 - BROOKLYN TRANSITION CENTER,97K373,K373,HIGH SCHOOL,5,90,123,*,,,8,6.5,6.5,30,5,6.1,*,,,13,5.8,5.9,35,7.3,5.9,*,,,*,,
2023,P.S. K753 - SCHOOL FOR CAREER DEVELOPMENT,97K753,K753,HIGH SCHOOL,4,90,90,*,,,*,,,52,6,5,*,,,10,12.6,7.3,19,7.3,5.4,5,2.9,3.3,*,,
2023,MANHATTAN SCHOOL FOR CAREER DEVELOPMENT,97M751,M751,HIGH SCHOOL,2,41,59,*,,,6,4.9,3.8,9,5.3,4.1,*,,,6,6.1,4.8,18,3.5,2.8,*,,,*,,
2023,JOHN F. KENNEDY JR. SCHOOL,97Q721,Q721,HIGH SCHOOL,5,90,162,*,,,10,9,7.6,15,7.1,8.3,*,,,25,7.5,8.3,36,10.6,9,*,,,*,,
2023,QUEENS TRANSITION CENTER,97Q752,Q752,HIGH SCHOOL,4,84,115,*,,,5,7.5,4.3,32,9.7,8.4,*,,,11,9.7,8.8,35,10.7,8.5,*,,,*,,
2023,P.S. X721 - STEPHEN MCSWEENEY SCHOOL,97X721,X721,HIGH SCHOOL,6,106,184,*,,,*,,,15,5.7,4.9,*,,,23,9.7,8.4,61,8.8,7.2,*,,,*,,
2023,J. M. RAPPORT SCHOOL CAREER DEVELOPMENT,97X754,X754,HIGH SCHOOL,5,66,83,*,,,6,10.4,9.2,12,7.6,6.8,*,,,20,13,10,24,12.4,10,*,,,*,,
2023,SPECIAL MUSIC SCHOOL,03M859,M859,K-12 ALL GRADES,2,23,4,*,,,*,,,*,,,*,,,*,,,15,9.4,4.4,*,,,*,,
2023,WASHINGTON HEIGHTS EXPEDITIONARY LEARNING SCHOOL,06M348,M348,K-12 ALL GRADES,5,81,26,*,,,5,7.2,4,5,10.7,4.6,*,,,34,6.4,3.5,35,11.7,7.2,*,,,*,,
2023,NEW EXPLORATIONS INTO SCIENCE  TECHNOLOGY AND MATH,71M539,M539,K-12 ALL GRADES,6,97,19,*,,,18,8.5,7.6,6,9.8,4.8,*,,,7,7.6,5.7,64,9.5,5.7,*,,,*,,
2023,THE MICHAEL J. PETRIDES SCHOOL,81R080,R080,K-12 ALL GRADES,4,106,74,*,,,*,,,*,,,*,,,9,5.3,4.1,89,12,10.5,*,,,*,,
2023,P.S. 36,97K036,K036,K-12 ALL GRADES,5,113,158,*,,,*,,,33,9.7,8.2,*,,,14,6.1,6.8,59,7.6,6.7,*,,,*,,
2023,P.S. K053,97K053,K053,K-12 ALL GRADES,5,92,133,*,,,5,7.2,6.9,12,18.2,21.8,*,,,12,11.2,10.9,62,8.5,7.6,*,,,*,,
2023,P.S. K077,97K077,K077,K-12 ALL GRADES,4,84,94,*,,,*,,,37,6.6,6.5,*,,,*,,,38,8.4,7.9,*,,,*,,
2023,P.S. K141,97K141,K141,K-12 ALL GRADES,5,94,116,*,,,*,,,24,9.6,8.7,*,,,8,10.4,11.5,58,8.2,7.1,*,,,*,,
2023,P.S. 368,97K368,K368,K-12 ALL GRADES,4,66,83,*,,,*,,,28,8.7,8.2,*,,,11,9.5,8.1,21,10.9,10.1,*,,,*,,
2023,P.S. K369 - COY L. COX SCHOOL,97K369,K369,K-12 ALL GRADES,6,125,171,*,,,6,8.8,10.9,30,8.8,10.3,*,,,14,6.5,7.2,71,11.5,10.7,*,,,*,,
2023,P.S. 370,97K370,K370,K-12 ALL GRADES,4,62,84,*,,,5,6.8,6.2,12,13.9,9.8,*,,,5,4.5,14.3,39,9.1,8.2,*,,,*,,
2023,P.S. K721 - BROOKLYN OCCUPATIONAL TRAINING CENTER,97K721,K721,K-12 ALL GRADES,5,94,130,*,,,12,10.1,8.7,16,7.3,6.9,*,,,8,11.7,13.8,56,9.1,9.1,*,,,*,,
2023,P.S. K771,97K771,K771,K-12 ALL GRADES,5,139,206,*,,,9,7.5,7.9,35,10.2,11.1,*,,,14,6.5,9.8,75,12.1,10.5,*,,,*,,
2023,P.S. 035,97M035,M035,K-12 ALL GRADES,3,62,40,*,,,6,10.9,9.2,14,11.4,7.2,*,,,10,11.3,6.6,30,10.8,8,*,,,*,,
2023,P.S. M094,97M094,M094,K-12 ALL GRADES,5,111,158,*,,,10,10,6.2,19,9,8.1,*,,,16,8.6,9,56,8.8,7.1,*,,,6,11.1,7.4
2023,P.S. 138,97M138,M138,K-12 ALL GRADES,6,162,282,*,,,18,10.6,6.8,25,7.5,6.4,*,,,35,7.8,8.4,76,7.7,5.9,*,,,6,5.2,5.2
2023,P.S. M169 - ROBERT F. KENNEDY,97M169,M169,K-12 ALL GRADES,4,75,88,*,,,*,,,9,13.1,15.2,*,,,10,6.3,4.6,49,10,7.5,*,,,*,,
2023,P.S. M226,97M226,M226,K-12 ALL GRADES,4,73,97,*,,,8,10.6,8.2,11,8.3,5.8,*,,,11,8.7,9.1,41,8.9,8.3,*,,,*,,
2023,HOSPITAL SCHOOLS,97M401,M401,K-12 ALL GRADES,3,78,21,*,,,*,,,6,15.4,8.5,*,,,9,13.2,8.6,57,13.6,8.4,*,,,*,,
2023,HOME INSTRUCTION,97M501,M501,K-12 ALL GRADES,13,308,13,*,,,20,13.7,3.7,74,17.2,5.7,*,,,46,17.3,7,155,17,8.2,*,,,8,13.5,6.6
2023,P.S. Q023 @ QUEENS CHILDREN CENTER,97Q023,Q023,K-12 ALL GRADES,4,60,65,*,,,5,5.5,3.3,19,10.1,10.4,*,,,5,12.1,10.8,28,15.9,13,*,,,*,,
2023,P.S. Q177,97Q177,Q177,K-12 ALL GRADES,6,122,186,*,,,14,14.1,14.2,5,4.3,5.4,*,,,8,8.8,9.1,93,14.7,14.2,*,,,*,,
2023,P.S. Q233,97Q233,Q233,K-12 ALL GRADES,6,123,195,*,,,6,5.4,7.2,14,13.1,12,*,,,10,7.8,6.7,84,9.4,7.6,*,,,7,12.4,10.9
2023,P.S. Q255,97Q255,Q255,K-12 ALL GRADES,6,164,188,*,,,14,6.8,5,9,9.1,8.2,*,,,23,11.4,13,111,8.7,7.9,*,,,*,,
2023,P.S. Q256,97Q256,Q256,K-12 ALL GRADES,6,131,146,*,,,*,,,16,10.7,9.9,*,,,6,13.4,9.3,105,11.2,9.2,*,,,*,,
2023,THE RIVERVIEW SCHOOL,97Q277,Q277,K-12 ALL GRADES,5,149,190,*,,,22,4.1,3.9,16,4,4.3,*,,,33,4.9,4.9,74,6.5,4.6,*,,,*,,
2023,P.S. Q811,97Q811,Q811,K-12 ALL GRADES,5,107,179,*,,,11,8.5,7,11,5.1,4.8,*,,,16,10.7,8,69,10.8,7.5,*,,,*,,
2023,P.S. Q993,97Q993,Q993,K-12 ALL GRADES,5,139,291,*,,,14,8.7,8,14,12.4,14.3,*,,,18,8.3,8.6,88,12.8,10.3,*,,,5,13.7,9.4
2023,SOUTH RICHMOND HIGH SCHOOL I.S./P.S. 25,97R025,R025,K-12 ALL GRADES,5,128,214,*,,,5,8,6.8,*,,,*,,,11,6.1,4,106,11.5,8.3,*,,,*,,
2023,THE DAVID MARQUIS SCHOOL OF THE ARTS,97R037,R037,K-12 ALL GRADES,6,154,282,*,,,*,,,*,,,*,,,12,9.4,7.3,131,8.1,7.5,*,,,*,,
2023,P.S. X010,97X010,X010,K-12 ALL GRADES,8,174,219,*,,,9,7.4,7.4,35,8.1,7.1,*,,,55,7.9,8.6,67,7.6,6.8,5,1.5,1.3,*,,
2023,P.S. X017,97X017,X017,K-12 ALL GRADES,6,146,156,*,,,5,11.2,9.3,41,7,6.8,*,,,50,5.1,5.5,47,8.6,7.4,*,,,*,,
2023,P.S. 168,97X168,X168,K-12 ALL GRADES,6,147,164,*,,,8,12.4,14.2,26,8.4,8.1,*,,,61,8.2,7.8,47,10.3,8.3,*,,,*,,
2023,P.S. X188,97X188,X188,K-12 ALL GRADES,6,124,131,*,,,7,6.4,7.1,51,12.2,10.5,*,,,35,9.1,8.8,31,11.8,11.2,*,,,*,,
2023,THE BRONX SCHOOL FOR CONTINUOUS LEARNERS,97X469,X469,K-12 ALL GRADES,7,127,100,*,,,8,6.7,4.7,27,3.7,2.3,*,,,49,6.5,4.9,39,7.4,4.7,*,,,*,,
2023,P.S. 723,97X723,X723,K-12 ALL GRADES,5,103,136,*,,,*,,,27,6.6,5.5,*,,,27,6.5,6.5,41,10.5,8.7,*,,,*,,
2023,THE CLINTON SCHOOL,02M260,M260,SECONDARY SCHOOL,3,56,11,*,,,6,6.9,5.4,5,11.4,2.9,*,,,7,5.8,2.7,36,9.3,5,*,,,*,,
2023,SCHOOL OF THE FUTURE HIGH SCHOOL,02M413,M413,SECONDARY SCHOOL,4,51,17,*,,,*,,,7,7.5,5.7,*,,,5,6.9,5.4,36,11.7,9.1,*,,,*,,
2023,QUEST TO LEARN,02M422,M422,SECONDARY SCHOOL,3,51,16,*,,,5,5,3.4,6,6,2,*,,,6,9.4,4.6,33,10.6,5.5,*,,,*,,
2023,WEST END SECONDARY SCHOOL,03M291,M291,SECONDARY SCHOOL,3,51,7,*,,,*,,,*,,,*,,,7,7.1,2.4,36,7.2,2.6,*,,,*,,
2023,FREDERICK DOUGLASS ACADEMY II SECONDARY SCHOOL,03M860,M860,SECONDARY SCHOOL,3,38,11,*,,,6,5.3,3.5,12,7,2.3,*,,,7,5.1,1.8,12,5.1,3.3,*,,,*,,
2023,ESPERANZA PREPARATORY ACADEMY,04M372,M372,SECONDARY SCHOOL,3,55,22,*,,,*,,,6,4.7,1.2,*,,,36,7.1,3.9,10,8.5,4.4,*,,,*,,
2023,COLUMBIA SECONDARY SCHOOL,05M362,M362,SECONDARY SCHOOL,2,47,12,*,,,7,6.1,2.7,*,,,*,,,*,,,30,11.2,6.5,*,,,*,,
2023,CITY COLLEGE ACADEMY OF THE ARTS,06M293,M293,SECONDARY SCHOOL,2,40,14,*,,,*,,,*,,,*,,,14,10.1,6.9,20,12.2,9.2,*,,,*,,
2023,COMMUNITY HEALTH ACADEMY OF THE HEIGHTS,06M346,M346,SECONDARY SCHOOL,4,50,10,*,,,*,,,5,13.2,10,*,,,20,8.5,7.2,21,11.7,8.9,*,,,*,,
2023,THE LABORATORY SCHOOL OF FINANCE AND TECHNOLOGY: X,07X223,X223,SECONDARY SCHOOL,4,53,11,*,,,*,,,10,5.9,5.2,*,,,20,6.3,4.7,16,8,6.3,*,,,*,,
2023,ARCHIMEDES ACADEMY FOR MATH  SCIENCE AND TECHNOLOG,08X367,X367,SECONDARY SCHOOL,4,52,21,*,,,6,8.5,6.1,7,10.4,4.5,*,,,10,6.1,4.1,28,9.7,7.3,*,,,*,,
2023,BRONX EARLY COLLEGE ACADEMY FOR TEACHING & LEARNIN,09X324,X324,SECONDARY SCHOOL,3,31,9,*,,,*,,,7,8.4,5.7,*,,,9,5.7,2.5,13,7.6,5.1,*,,,*,,
2023,COMPREHENSIVE MODEL SCHOOL PROJECT M.S. 327,09X327,X327,SECONDARY SCHOOL,4,57,21,*,,,5,6.2,6.2,13,7.9,5.5,*,,,20,9.7,5.9,16,8.9,5.7,*,,,*,,
2023,YOUNG WOMEN'S LEADERSHIP SCHOOL OF THE BRONX,09X568,X568,SECONDARY SCHOOL,3,45,7,*,,,*,,,7,5.8,3.1,*,,,10,6.4,4.6,20,8,5.1,*,,,*,,
2023,RIVERDALE / KINGSBRIDGE ACADEMY (MIDDLE SCHOOL / H,10X141,X141,SECONDARY SCHOOL,5,100,18,*,,,*,,,12,12.4,6,*,,,21,11.3,8.4,58,13.2,9.5,*,,,*,,
2023,THEATRE ARTS PRODUCTION COMPANY SCHOOL,10X225,X225,SECONDARY SCHOOL,4,53,16,*,,,*,,,12,10.3,3.1,*,,,7,8.4,2.4,26,10.9,6.8,*,,,*,,
2023,IN-TECH ACADEMY (M.S. / HIGH SCHOOL 368),10X368,X368,SECONDARY SCHOOL,5,75,17,*,,,5,14.9,13.9,17,17.3,10.4,*,,,27,10.4,6.1,24,11.8,9.3,*,,,*,,
2023,MOTT HALL V,12X242,X242,SECONDARY SCHOOL,3,58,18,*,,,*,,,10,7.9,5.1,*,,,20,9.8,6.1,23,8.3,7,*,,,*,,
2023,DR. SUSAN S. MCKINNEY SECONDARY SCHOOL OF THE ARTS,13K265,K265,SECONDARY SCHOOL,2,29,6,*,,,5,10.1,5.1,17,17.3,12.2,*,,,*,,,*,,,*,,,*,,
2023,JUAN MOREL CAMPOS SECONDARY SCHOOL,14K071,K071,SECONDARY SCHOOL,4,62,22,*,,,*,,,16,8.6,7.6,*,,,12,11.6,9.7,32,10.5,7.9,*,,,*,,
2023,SPRING CREEK COMMUNITY SCHOOL,19K422,K422,SECONDARY SCHOOL,4,44,8,*,,,*,,,22,9.5,3.1,*,,,*,,,14,7.4,2.9,*,,,*,,
2023,QUEENS SCHOOL OF INQUIRY  THE,25Q252,Q252,SECONDARY SCHOOL,3,50,8,*,,,*,,,*,,,*,,,6,8.2,7.2,37,11.9,7.6,*,,,*,,
2023,WORLD JOURNALISM PREPARATORY: A COLLEGE BOARD SCHO,25Q285,Q285,SECONDARY SCHOOL,3,45,17,*,,,*,,,*,,,*,,,7,7.1,3.9,30,12.6,8.6,*,,,*,,
2023,SCHOLARS' ACADEMY,27Q323,Q323,SECONDARY SCHOOL,5,73,24,*,,,*,,,7,13.1,6.1,*,,,10,9.3,6.7,49,11.7,8.4,*,,,*,,
2023,METROPOLITAN EXPEDITIONARY LEARNING SCHOOL,28Q167,Q167,SECONDARY SCHOOL,3,70,17,*,,,9,5.2,3.5,10,5.6,4.4,*,,,12,5.4,3.2,37,8.9,6.6,*,,,*,,
2023,PREPARATORY ACADEMY FOR WRITERS: A COLLEGE BOARD S,29Q283,Q283,SECONDARY SCHOOL,3,36,8,*,,,*,,,14,11,6.9,*,,,*,,,13,11.7,8.2,*,,,*,,
2023,YOUNG WOMEN'S LEADERSHIP SCHOOL  ASTORIA,30Q286,Q286,SECONDARY SCHOOL,3,42,10,*,,,5,9.5,8.5,*,,,*,,,6,7,2.9,23,10.1,6.6,*,,,*,,
2023,THE EAGLE ACADEMY FOR YOUNG MEN OF STATEN ISLAND,31R028,R028,SECONDARY SCHOOL,1,45,7,*,,,*,,,11,12.2,4,*,,,*,,,25,6.7,3.9,*,,,*,,
2023,THE YOUNG WOMENS LEADERSHIP SCHOOL OF STATEN ISLA,31R085,R085,SECONDARY SCHOOL,1,5,2,*,,,*,,,*,,,*,,,*,,,*,,,*,,,*,,
2023,EAGLE ACADEMY FOR YOUNG MEN OF HARLEM,71M148,M148,SECONDARY SCHOOL,3,26,9,*,,,*,,,17,7.9,2.5,*,,,*,,,5,8.3,5.1,*,,,*,,
2023,INSTITUTE FOR COLLABORATIVE EDUCATION,71M407,M407,SECONDARY SCHOOL,2,32,7,*,,,*,,,*,,,*,,,7,5.3,3.9,16,11.8,8.7,*,,,*,,
2023,PROFESSIONAL PERFORMING ARTS HIGH SCHOOL,71M408,M408,SECONDARY SCHOOL,2,32,4,*,,,*,,,5,3.5,0.7,*,,,*,,,23,14.6,10.2,*,,,*,,
2023,WADLEIGH SECONDARY SCHOOL FOR THE PERFORMING & VIS,71M415,M415,SECONDARY SCHOOL,3,38,6,*,,,*,,,15,12.1,5.8,*,,,6,5.7,0.6,14,10.6,4.8,*,,,*,,
2023,EAST SIDE COMMUNITY SCHOOL,71M450,M450,SECONDARY SCHOOL,4,64,16,*,,,*,,,11,8.9,4.1,*,,,21,10.4,7.7,26,12.7,9.4,*,,,*,,
2023,FREDERICK DOUGLASS ACADEMY,71M499,M499,SECONDARY SCHOOL,4,64,18,*,,,8,11.9,7.3,27,18.2,11,*,,,14,13.4,8.3,14,10.2,7.5,*,,,*,,
2023,YOUNG WOMEN'S LEADERSHIP SCHOOL,71M610,M610,SECONDARY SCHOOL,3,34,4,*,,,*,,,6,3.2,1.5,*,,,8,10.2,8.4,17,9.9,8.5,*,,,*,,
2023,THURGOOD MARSHALL ACADEMY FOR LEARNING AND SOCIAL,71M670,M670,SECONDARY SCHOOL,3,46,11,*,,,*,,,26,17.4,7.9,*,,,5,17.9,13.8,12,10.5,4.9,*,,,*,,
2023,SOUTH BRONX PREPARATORY: A COLLEGE BOARD SCHOOL,72X221,X221,SECONDARY SCHOOL,5,51,14,*,,,5,5.6,5.6,12,10.8,7.6,*,,,9,9.3,7.8,23,8.3,6.6,*,,,*,,
2023,EAGLE ACADEMY FOR YOUNG MEN,72X231,X231,SECONDARY SCHOOL,4,37,15,*,,,*,,,16,7.5,4.2,*,,,11,13.4,7.1,8,8.5,7.6,*,,,*,,
2023,URBAN ASSEMBLY SCHOOL FOR APPLIED MATH AND SCIENCE,72X241,X241,SECONDARY SCHOOL,4,65,9,*,,,*,,,16,5.6,4.2,*,,,22,4.2,4.1,22,7.7,6.3,*,,,*,,
2023,WEST BRONX ACADEMY FOR THE FUTURE,72X243,X243,SECONDARY SCHOOL,4,55,15,*,,,*,,,13,9.6,6.7,*,,,20,8.5,5.8,19,9,7.8,*,,,*,,
2023,BRONX LATIN,72X267,X267,SECONDARY SCHOOL,3,48,13,*,,,*,,,9,13.6,7,*,,,16,10.4,7.2,18,5.2,3.4,*,,,*,,
2023,BRONX STUDIO SCHOOL FOR WRITERS AND ARTISTS,72X269,X269,SECONDARY SCHOOL,4,57,16,*,,,*,,,9,9.7,3.8,*,,,17,8.4,4.2,28,10.2,5.2,*,,,*,,
2023,EAST BRONX ACADEMY FOR THE FUTURE,72X271,X271,SECONDARY SCHOOL,3,56,16,*,,,*,,,13,12.2,7.6,*,,,19,9,7.7,21,11.9,9.5,*,,,*,,
2023,INTERNATIONAL SCHOOL FOR LIBERAL ARTS,72X342,X342,SECONDARY SCHOOL,3,44,7,*,,,*,,,*,,,*,,,29,12.7,7,9,9,4.7,*,,,*,,
2023,ANTONIA PANTOJA PREPARATORY ACADEMY: A COLLEGE BOA,72X376,X376,SECONDARY SCHOOL,3,36,12,*,,,*,,,10,18.2,6.3,*,,,14,15.7,8.8,9,7.3,6.5,*,,,*,,
2023,BRONX HIGH SCHOOL FOR MEDICAL SCIENCE,72X413,X413,SECONDARY SCHOOL,3,42,17,*,,,*,,,8,9.8,6,*,,,17,11.7,8.1,16,10.3,6.4,*,,,*,,
2023,HOSTOS-LINCOLN ACADEMY OF SCIENCE,72X500,X500,SECONDARY SCHOOL,2,39,10,*,,,6,9.5,5.2,11,13.6,10,*,,,8,11,8.5,14,15.7,13.4,*,,,*,,
2023,BRONX SCHOOL FOR LAW  GOVERNMENT AND JUSTICE,72X505,X505,SECONDARY SCHOOL,3,57,12,*,,,*,,,12,9.3,7,*,,,16,8.2,6.1,25,7.6,4.9,*,,,*,,
2023,THE URBAN ASSEMBLY BRONX ACADEMY OF LETTERS,72X551,X551,SECONDARY SCHOOL,4,51,21,*,,,*,,,10,4.5,3.4,*,,,10,6.2,5,25,7.8,5.1,*,,,*,,
2023,ACADEMY FOR COLLEGE PREPARATION AND CAREER EXPLORA,73K382,K382,SECONDARY SCHOOL,5,26,6,*,,,*,,,18,9,4.1,*,,,*,,,*,,,*,,,*,,
2023,ACADEMY FOR YOUNG WRITERS,73K404,K404,SECONDARY SCHOOL,2,51,11,*,,,6,5.1,3.4,17,7.3,3.5,*,,,11,8.5,3.7,13,12.7,7.9,*,,,*,,
2023,EAST NEW YORK FAMILY ACADEMY,73K409,K409,SECONDARY SCHOOL,3,53,16,*,,,7,11,9,36,12.5,7.6,*,,,*,,,6,13.5,9.4,*,,,*,,
2023,BROOKLYN COLLABORATIVE STUDIES,73K448,K448,SECONDARY SCHOOL,2,59,18,*,,,*,,,15,12.9,6.5,*,,,6,8.2,4.8,32,12.3,10,*,,,*,,
2023,SCIENCE  TECHNOLOGY AND RESEARCH EARLY COLLEGE HIG,73K543,K543,SECONDARY SCHOOL,5,41,14,*,,,*,,,18,11.5,6.9,*,,,*,,,16,12.2,10.3,*,,,*,,
2023,ALL CITY LEADERSHIP SECONDARY SCHOOL,73K554,K554,SECONDARY SCHOOL,3,22,7,*,,,*,,,6,15.1,13.3,*,,,7,10,8.5,7,9.2,5.6,*,,,*,,
2023,LYONS COMMUNITY SCHOOL,73K586,K586,SECONDARY SCHOOL,2,45,7,*,,,*,,,14,7.5,5.2,*,,,9,4.5,2.7,18,13.4,8.5,*,,,*,,
2023,MEDGAR EVERS COLLEGE PREPARATORY SCHOOL,73K590,K590,SECONDARY SCHOOL,7,65,13,*,,,8,5.8,4.7,39,17.3,10.4,*,,,5,6.7,5.7,12,10.7,7.6,*,,,*,,
2023,YOUNG WOMEN'S LEADERSHIP SCHOOL OF BROOKLYN,73K614,K614,SECONDARY SCHOOL,3,27,4,*,,,*,,,7,5.7,2.6,*,,,*,,,14,6.9,5.8,*,,,*,,
2023,EAGLE ACADEMY FOR YOUNG MEN II,73K644,K644,SECONDARY SCHOOL,6,45,20,*,,,*,,,28,8.1,7.8,*,,,5,5.6,5.6,8,8.9,5.5,*,,,*,,
2023,BROOKLYN STUDIO SECONDARY SCHOOL,73K690,K690,SECONDARY SCHOOL,6,66,27,*,,,6,4.1,1.8,*,,,*,,,6,7.7,2.8,51,12.9,10.9,*,,,*,,
2023,PARK SLOPE COLLEGIATE,76K464,K464,SECONDARY SCHOOL,3,54,13,*,,,*,,,13,9.3,5.9,*,,,11,11,7.8,22,11.2,8,*,,,*,,
2023,KINGSBOROUGH EARLY COLLEGE SCHOOL,76K468,K468,SECONDARY SCHOOL,4,46,13,*,,,*,,,*,,,*,,,5,7.7,4,35,8.9,5.9,*,,,*,,
2023,THE BOERUM HILL SCHOOL FOR INTERNATIONAL STUDIES,76K497,K497,SECONDARY SCHOOL,3,68,12,*,,,*,,,13,9.1,4.9,*,,,9,9.1,7.2,41,7.1,4.6,*,,,*,,
2023,URBAN ASSEMBLY INSTITUTE OF MATH AND SCIENCE FOR Y,76K527,K527,SECONDARY SCHOOL,2,37,13,*,,,*,,,9,8.2,3.4,*,,,*,,,20,7.4,4.4,*,,,*,,
2023,URBAN ASSEMBLY SCHOOL FOR LEADERSHIP AND EMPOWERME,76K609,K609,SECONDARY SCHOOL,3,48,9,*,,,*,,,*,,,*,,,11,4.9,3.3,29,10.7,5.6,*,,,*,,
2023,PATHWAYS COLLEGE PREPARATORY SCHOOL: A COLLEGE BOA,77Q259,Q259,SECONDARY SCHOOL,4,49,11,*,,,*,,,25,11.6,5.7,*,,,5,7.8,4.5,15,10.8,6.7,*,,,*,,
2023,CHANNEL VIEW SCHOOL FOR RESEARCH,77Q262,Q262,SECONDARY SCHOOL,4,97,25,*,,,*,,,22,7.2,3.9,*,,,7,11.6,8,60,10.5,7.7,*,,,*,,
2023,EAST-WEST SCHOOL OF INTERNATIONAL STUDIES,77Q281,Q281,SECONDARY SCHOOL,4,62,12,*,,,17,8.7,7.1,*,,,*,,,5,5.6,4.8,37,8.4,5.4,*,,,*,,
2023,YORK EARLY COLLEGE ACADEMY,77Q284,Q284,SECONDARY SCHOOL,4,33,7,*,,,*,,,12,11.6,5.3,*,,,*,,,13,13.1,10.7,*,,,*,,
2023,ACADEMY OF MEDICAL TECHNOLOGY: A COLLEGE BOARD SCH,77Q309,Q309,SECONDARY SCHOOL,4,50,8,*,,,5,6.9,7,6,12.9,8.1,*,,,12,10.7,5.9,26,12.4,8.9,*,,,*,,
2023,QUEENS COLLEGIATE: A COLLEGE BOARD SCHOOL,77Q310,Q310,SECONDARY SCHOOL,4,41,9,*,,,5,12.3,6.7,11,10.7,7.7,*,,,5,12.6,5.3,17,8.9,7.9,*,,,*,,
2023,EAGLE ACADEMY FOR YOUNG MEN III,77Q327,Q327,SECONDARY SCHOOL,3,32,12,*,,,*,,,22,13.1,5.1,*,,,*,,,6,9.2,4.8,*,,,*,,
2023,ROBERT F. WAGNER  JR. SECONDARY SCHOOL FOR ARTS AN,77Q560,Q560,SECONDARY SCHOOL,3,42,11,*,,,*,,,*,,,*,,,6,5.4,4.1,26,11.9,9,*,,,*,,
2023,BACCALAUREATE SCHOOL FOR GLOBAL EDUCATION,77Q580,Q580,SECONDARY SCHOOL,3,32,5,*,,,6,15.7,9.5,5,15.5,8.8,*,,,5,10.6,8,16,15.3,10.3,*,,,*,,
2023,QUEENS GATEWAY TO HEALTH SCIENCES SECONDARY SCHOOL,77Q680,Q680,SECONDARY SCHOOL,3,45,10,*,,,5,13.4,8.2,11,8.9,4.5,*,,,5,8,8,24,13.3,8.2,*,,,*,,
2023,YOUNG WOMEN'S LEADERSHIP SCHOOL  QUEENS,77Q896,Q896,SECONDARY SCHOOL,3,35,5,*,,,8,9.4,4.8,10,16.8,9.4,*,,,5,8.2,5.4,12,14.4,10.6,*,,,*,,
2023,P.S. K811 CONNIE LEKAS SCHOOL,97K811,K811,SECONDARY SCHOOL,4,61,138,*,,,8,14.5,12.5,17,8.7,8.8,*,,,*,,,29,12.7,10.3,*,,,*,,
2023,P.S. M079 - HORAN SCHOOL,97M079,M079,SECONDARY SCHOOL,5,53,73,*,,,*,,,19,6.4,4.4,*,,,13,5.9,4.1,16,9.9,7.8,*,,,*,,
2023,P.S. M721 - MANHATTAN OCCUPATIONAL TRAINING CENTER,97M721,M721,SECONDARY SCHOOL,2,45,80,*,,,6,7.9,7.9,7,14.7,9.9,*,,,9,6.7,4.8,22,10.8,9.1,*,,,*,,
2023,THE RICHARD H. HUNGERFORD SCHOOL,97R721,R721,SECONDARY SCHOOL,5,98,228,*,,,*,,,*,,,*,,,10,6.8,8.2,79,10.9,10.2,*,,,*,,
2023,P.S. X012 LEWIS AND CLARK SCHOOL,97X012,X012,SECONDARY SCHOOL,3,71,86,*,,,13,5.5,5.1,29,10.1,6.5,*,,,13,6.9,5.6,15,8.6,6.6,*,,,*,,
2023,P.S. X176,97X176,X176,SECONDARY SCHOOL,6,134,194,*,,,*,,,34,5.5,5.3,*,,,29,7.4,8.2,65,11.5,10.2,*,,,*,,
2023,P.S. X811,97X811,X811,SECONDARY SCHOOL,7,131,221,*,,,10,13,13.5,38,12.2,11.6,*,,,43,9.7,9.5,36,11.5,10.2,*,,,*,,