School Name,Years of Data,Years Available,School Type,School Level,ZIP Code,Neighborhood,Asian_Percent,Black_Percent,Hispanic_Percent,White_Percent,Latest Year Mean Score,Latest Year Pass Rate
"""47"" The American Sign Language and English Secondary School",6,"2017, 2018, 2019, 2020, 2022, 2023",Special Education,High school,10010,Gramercy Park - Murray Hill,0.0,0.0,100.0,0.0,61.4,44.0
A-Tech High School,6,"2017, 2018, 2019, 2020, 2022, 2023",Career Technical,High school,11222,Greenpoint,0.0,44.77,55.23,0.0,61.76,51.73
A. Philip Randolph Campus High School,6,"2017, 2018, 2019, 2020, 2022, 2023",General Academic,High school,10031,Washington Heights - Inwood,0.0,36.2,63.8,0.0,67.18,59.49
Abraham Lincoln High School,6,"2017, 2018, 2019, 2020, 2022, 2023",General Academic,High school,11235,Coney Island - Sheepshead Bay ,13.68,44.47,26.76,15.09,61.48,44.27
Academy for Careers in Television and Film,6,"2017, 2018, 2019, 2020, 2022, 2023",Career Technical,High school,11101,Long Island City - Astoria,0.0,16.86,68.6,14.53,68.58,65.7
Academy for College Preparation and Career Exploration: A College Board School,6,"2017, 2018, 2019, 2020, 2022, 2023",General Academic,High school,11226,East Flatbush - Flatbush,0.0,86.76,13.24,0.0,65.25,63.23
Academy for Conservation and the Environment,6,"2017, 2018, 2019, 2020, 2022, 2023",General Academic,High school,11236,Canarsie - Flatlands,12.17,75.65,12.17,0.0,69.61,63.5
Academy for Excellence in Leadership,6,"2017, 2018, 2019, 2020, 2022, 2023",General Academic,High school,11237,Williamsburg - Bushwick,0.0,10.19,89.81,0.0,60.94,39.84
Academy for Health Careers,6,"2017, 2018, 2019, 2020, 2022, 2023",Career Technical,High school,11213,Bedford Stuyvesant - Crown Heights,0.0,77.97,22.03,0.0,61.64,57.58
Academy for Scholarship and Entrepreneurship: A College Board School,6,"2017, 2018, 2019, 2020, 2022, 2023",General Academic,High school,10466,Northeast Bronx,0.0,64.55,35.45,0.0,56.81,33.62
Academy for Software Engineering,6,"2017, 2018, 2019, 2020, 2022, 2023",Career Technical,High school,10003,Union Square - Lower East Side,11.39,29.11,59.49,0.0,60.26,43.04
Academy for Young Writers,6,"2017, 2018, 2019, 2020, 2022, 2023",General Academic,High school,11239,Canarsie - Flatlands,4.98,63.68,28.36,2.99,57.33,32.86
Academy of American Studies,6,"2017, 2018, 2019, 2020, 2022, 2023",General Academic,High school,11101,Long Island City - Astoria,23.32,0.0,37.8,38.87,79.47,86.08
Academy of Innovative Technology,6,"2017, 2018, 2019, 2020, 2022, 2023",Career Technical,High school,11208,East New York,5.08,30.51,64.41,0.0,63.21,45.78
Academy of Medical Technology: A College Board Sch,6,"2017, 2018, 2019, 2020, 2022, 2023",General Academic,High school,11691,Rockaway,0.0,43.48,50.0,6.52,63.94,48.9
Antonia Pantoja Preparatory Academy: A College Boa,6,"2017, 2018, 2019, 2020, 2022, 2023",General Academic,High school,10473,Pelham - Throgs Neck,12.07,18.97,68.97,0.0,54.05,26.72
"Archimedes Academy for Math, Science and Technolog",6,"2017, 2018, 2019, 2020, 2022, 2023",General Academic,High school,10473,Pelham - Throgs Neck,0.0,34.48,65.52,0.0,63.17,56.9
Arturo A. Schomburg Satellite Academy Bronx,6,"2017, 2018, 2019, 2020, 2022, 2023",Transfer School,High school,10459,Hunts Point - Mott Haven,0.0,34.21,65.79,0.0,62.36,50.01
Aspirations Diploma Plus High School,6,"2017, 2018, 2019, 2020, 2022, 2023",Transfer School,High school,11225,East Flatbush - Flatbush,0.0,100.0,0.0,0.0,49.4,20.0
Astor Collegiate Academy,6,"2017, 2018, 2019, 2020, 2022, 2023",General Academic,High school,10469,Northeast Bronx,11.81,33.86,47.24,7.09,60.89,49.59
August Martin High School,6,"2017, 2018, 2019, 2020, 2022, 2023",General Academic,High school,11434,Jamaica,12.57,62.86,24.57,0.0,58.16,36.57
Baruch College Campus High School,6,"2017, 2018, 2019, 2020, 2022, 2023",General Academic,High school,10010,Gramercy Park - Murray Hill,21.54,21.54,36.92,20.0,73.48,83.08
Bayside High School,6,"2017, 2018, 2019, 2020, 2022, 2023",General Academic,High school,11361,Bayside - Little Neck,34.7,16.32,37.66,11.31,65.67,56.84
Bedford Academy High School,6,"2017, 2018, 2019, 2020, 2022, 2023",General Academic,High school,11216,Bedford Stuyvesant - Crown Heights,11.97,75.21,12.82,0.0,84.43,97.44
Belmont Preparatory High School,6,"2017, 2018, 2019, 2020, 2022, 2023",General Academic,High school,10458,Fordham - Bronx Park,0.0,16.81,83.19,0.0,71.59,70.75
Benjamin Franklin High School for Finance & Inform,6,"2017, 2018, 2019, 2020, 2022, 2023",Career Technical,High school,11411,Southeast Queens,0.0,84.06,15.94,0.0,67.47,63.79
Benjamin N. Cardozo High School,6,"2017, 2018, 2019, 2020, 2022, 2023",General Academic,High school,11364,Bayside - Little Neck,33.48,24.73,35.67,6.13,65.92,58.87
Boys and Girls High School,6,"2017, 2018, 2019, 2020, 2022, 2023",General Academic,High school,11213,Bedford Stuyvesant - Crown Heights,0.0,82.55,17.45,0.0,67.24,63.73
Bronx Academy for Software Engineering (BASE),6,"2017, 2018, 2019, 2020, 2022, 2023",Career Technical,High school,10458,Fordham - Bronx Park,0.0,21.74,78.26,0.0,65.7,59.45
Bronx Academy of Health Careers,6,"2017, 2018, 2019, 2020, 2022, 2023",General Academic,High school,10467,Fordham - Bronx Park,0.0,43.33,56.67,0.0,63.98,59.99
Bronx Aerospace High School,6,"2017, 2018, 2019, 2020, 2022, 2023",General Academic,High school,10467,Fordham - Bronx Park,0.0,47.73,52.27,0.0,55.91,25.0
Bronx Arena High School,6,"2017, 2018, 2019, 2020, 2022, 2023",Transfer School,High school,10473,Pelham - Throgs Neck,0.0,0.0,100.0,0.0,61.8,50.0
Bronx Bridges High School,6,"2017, 2018, 2019, 2020, 2022, 2023",General Academic,High school,10473,Pelham - Throgs Neck,0.0,9.16,90.84,0.0,68.77,75.55
Bronx Collaborative High School,6,"2017, 2018, 2019, 2020, 2022, 2023",General Academic,High school,10468,Fordham - Bronx Park,0.0,24.39,75.61,0.0,64.38,53.68
Bronx Compass High School,6,"2017, 2018, 2019, 2020, 2022, 2023",General Academic,High school,10473,Pelham - Throgs Neck,6.38,34.04,59.57,0.0,61.18,45.75
Bronx Early College Academy,6,"2017, 2018, 2019, 2020, 2022, 2023",General Academic,High school,10456,High Bridge - Morrisania,0.0,17.71,82.29,0.0,66.29,60.46
Bronx Engineering and Technology Academy,6,"2017, 2018, 2019, 2020, 2022, 2023",General Academic,High school,10463,Kingsbridge - Riverdale,0.0,26.09,73.91,0.0,57.74,30.43
Bronx Haven High School,6,"2017, 2018, 2019, 2020, 2022, 2023",Transfer School,High school,10451,High Bridge - Morrisania,0.0,0.0,100.0,0.0,55.2,6.7
Bronx Health Sciences High School,6,"2017, 2018, 2019, 2020, 2022, 2023",General Academic,High school,10475,Northeast Bronx,0.0,66.67,33.33,0.0,79.5,82.03
Bronx High School for Law and Community Service,6,"2017, 2018, 2019, 2020, 2022, 2023",General Academic,High school,10458,Fordham - Bronx Park,0.0,24.72,75.28,0.0,62.48,53.91
Bronx High School for the Visual Arts,6,"2017, 2018, 2019, 2020, 2022, 2023",General Academic,High school,10462,Pelham - Throgs Neck,0.0,27.23,58.42,14.36,64.35,60.89
Bronx High School for Writing and Communication Arts,6,"2017, 2018, 2019, 2020, 2022, 2023",General Academic,High school,10467,Fordham - Bronx Park,0.0,61.7,38.3,0.0,70.97,80.83
Bronx High School of Business,6,"2017, 2018, 2019, 2020, 2022, 2023",General Academic,High school,10457,Crotona - Tremont,0.0,35.63,64.37,0.0,45.98,21.82
Bronx International High School,6,"2017, 2018, 2019, 2020, 2022, 2023",General Academic,High school,10456,High Bridge - Morrisania,0.0,18.1,81.9,0.0,48.79,32.4
Bronx Latin,6,"2017, 2018, 2019, 2020, 2022, 2023",General Academic,High school,10456,High Bridge - Morrisania,0.0,21.21,78.79,0.0,57.93,40.14
Bronx Leadership Academy High School,6,"2017, 2018, 2019, 2020, 2022, 2023",General Academic,High school,10457,Crotona - Tremont,0.0,0.0,100.0,0.0,47.2,10.0
Bronx Preparatory Charter School,6,"2017, 2018, 2019, 2021, 2022, 2023",General Academic,High school,10457,Crotona - Tremont,0.0,100.0,0.0,0.0,67.7,71.0
Bronx Regional High School,6,"2017, 2018, 2019, 2020, 2022, 2023",Transfer School,High school,10459,Hunts Point - Mott Haven,0.0,100.0,0.0,0.0,57.0,41.2
Bronx River High School,6,"2017, 2018, 2019, 2020, 2022, 2023",General Academic,High school,10461,Pelham - Throgs Neck,13.16,19.74,67.11,0.0,58.62,34.24
"Bronx School for Law, Government and Justice",6,"2017, 2018, 2019, 2020, 2022, 2023",General Academic,High school,10451,High Bridge - Morrisania,0.0,0.0,100.0,0.0,59.5,36.8
Bronx School of Law and Finance,6,"2017, 2018, 2019, 2020, 2022, 2023",General Academic,High school,10463,Kingsbridge - Riverdale,0.0,24.73,75.27,0.0,63.84,63.47
Bronx Theatre High School,6,"2017, 2018, 2019, 2020, 2022, 2023",General Academic,High school,10463,Kingsbridge - Riverdale,0.0,0.0,100.0,0.0,49.7,7.1
Brooklyn Academy of Science and the Environment,6,"2017, 2018, 2019, 2020, 2022, 2023",General Academic,High school,11225,East Flatbush - Flatbush,0.0,85.71,14.29,0.0,62.57,53.03
Brooklyn Community Arts & Media High School (BCAM),6,"2017, 2018, 2019, 2020, 2022, 2023",General Academic,High school,11205,Downtown - Heights - Park Slope,0.0,62.9,37.1,0.0,59.52,35.49
Brooklyn Community High School for Excellence and Equity,6,"2017, 2018, 2019, 2020, 2022, 2023",General Academic,High school,11236,Canarsie - Flatlands,0.0,100.0,0.0,0.0,62.7,51.7
Brooklyn Democracy Academy,6,"2017, 2018, 2019, 2020, 2022, 2023",Transfer School,High school,11212,Bedford Stuyvesant - Crown Heights,0.0,100.0,0.0,0.0,50.9,27.6
Brooklyn Frontiers High School,6,"2017, 2018, 2019, 2020, 2022, 2023",Transfer School,High school,11201,Downtown - Heights - Park Slope,0.0,100.0,0.0,0.0,62.2,50.0
Brooklyn High School for Law and Technology,6,"2017, 2018, 2019, 2020, 2022, 2023",General Academic,High school,11221,Williamsburg - Bushwick,0.0,61.29,38.71,0.0,53.49,25.82
Brooklyn High School for Leadership and Community,6,"2017, 2018, 2019, 2020, 2022, 2023",Transfer School,High school,11205,Downtown - Heights - Park Slope,0.0,100.0,0.0,0.0,51.1,10.0
Brooklyn High School of the Arts,6,"2017, 2018, 2019, 2020, 2022, 2023",General Academic,High school,11217,Downtown - Heights - Park Slope,5.86,48.2,30.63,15.32,74.91,81.51
Brooklyn Institute for Liberal Arts,6,"2017, 2018, 2019, 2020, 2022, 2023",General Academic,High school,11203,East Flatbush - Flatbush,0.0,86.67,13.33,0.0,60.63,38.85
Brooklyn Lab School,6,"2017, 2018, 2019, 2020, 2022, 2023",General Academic,High school,11208,East New York,11.41,23.95,61.98,2.66,58.99,39.15
The Brooklyn Latin School,6,"2017, 2018, 2019, 2020, 2022, 2023",General Academic,High school,11206,Williamsburg - Bushwick,72.73,0.0,27.27,0.0,85.2,100.0
Brooklyn Preparatory High School,6,"2017, 2018, 2019, 2020, 2022, 2023",General Academic,High school,11211,Greenpoint,0.0,46.46,53.54,0.0,73.08,76.79
Brooklyn School for Music & Theatre,6,"2017, 2018, 2019, 2020, 2022, 2023",General Academic,High school,11225,East Flatbush - Flatbush,0.0,100.0,0.0,0.0,60.1,39.2
Broome Street Academy Charter High School,6,"2017, 2018, 2019, 2020, 2022, 2023",General Academic,High school,10013,Greenwich Village - SoHo,0.0,43.24,56.76,0.0,56.79,29.75
Brownsville Academy High School,6,"2017, 2018, 2019, 2020, 2022, 2023",Transfer School,High school,11212,Bedford Stuyvesant - Crown Heights,0.0,81.48,18.52,0.0,58.03,48.19
Bushwick Community High School,6,"2017, 2018, 2019, 2020, 2022, 2023",Transfer School,High school,11221,Williamsburg - Bushwick,0.0,37.04,62.96,0.0,60.0,44.47
Bushwick Leaders High School for Academic Excellen,6,"2017, 2018, 2019, 2020, 2022, 2023",General Academic,High school,11221,Williamsburg - Bushwick,0.0,14.81,85.19,0.0,49.8,37.05
Business Of Sports School,6,"2017, 2018, 2019, 2020, 2022, 2023",Career Technical,High school,10019,Chelsea - Clinton,0.0,33.33,66.67,0.0,50.7,12.13
Business Technology Early College High School,6,"2017, 2018, 2019, 2020, 2022, 2023",Career Technical,High school,11427,Southeast Queens,17.65,55.29,27.06,0.0,67.37,57.64
Cambria Heights Academy,6,"2017, 2018, 2019, 2020, 2022, 2023",General Academic,High school,11432,Jamaica,0.0,72.41,27.59,0.0,58.31,31.01
Careers in Sports High School,6,"2017, 2018, 2019, 2020, 2022, 2023",General Academic,High school,10451,High Bridge - Morrisania,0.0,25.64,74.36,0.0,53.85,29.03
Cascades High School,6,"2017, 2018, 2019, 2020, 2022, 2023",Transfer School,High school,10002,Union Square - Lower East Side,0.0,0.0,100.0,0.0,61.0,33.3
The Celia Cruz Bronx High School of Music,6,"2017, 2018, 2019, 2020, 2022, 2023",General Academic,High school,10468,Fordham - Bronx Park,0.0,23.53,76.47,0.0,64.53,60.32
Charter High School for Law and Social Justice,6,"2017, 2018, 2019, 2020, 2022, 2023",General Academic,High school,10453,Crotona - Tremont,0.0,12.26,87.74,0.0,63.92,53.75
Chelsea Career and Technical Education High School,6,"2017, 2018, 2019, 2020, 2022, 2023",Career Technical,High school,10013,Greenwich Village - SoHo,15.09,30.19,54.72,0.0,68.01,71.72
City College Academy of the Arts,6,"2017, 2018, 2019, 2020, 2022, 2023",General Academic,High school,10040,Washington Heights - Inwood,0.0,0.0,100.0,0.0,72.0,73.7
"City Polytechnic High School of Engineering, Architecture, and Technology",6,"2017, 2018, 2019, 2020, 2022, 2023",Career Technical,High school,11201,Downtown - Heights - Park Slope,7.95,68.18,23.86,0.0,59.71,39.79
Civic Leadership Academy,6,"2017, 2018, 2019, 2020, 2022, 2023",General Academic,High school,11373,West Queens,23.4,0.0,68.79,7.8,73.91,75.91
Cobble Hill School of American Studies,6,"2017, 2018, 2019, 2020, 2022, 2023",General Academic,High school,11201,Downtown - Heights - Park Slope,0.0,64.08,35.92,0.0,60.92,50.5
Community Health Academy of the Heights,6,"2017, 2018, 2019, 2020, 2022, 2023",General Academic,High school,10032,Washington Heights - Inwood,0.0,10.14,89.86,0.0,62.93,50.72
Community School for Social Justice,6,"2017, 2018, 2019, 2020, 2022, 2023",General Academic,High school,10451,High Bridge - Morrisania,0.0,0.0,100.0,0.0,58.8,48.8
Comprehensive Model School Project M.S. 327,6,"2017, 2018, 2019, 2020, 2022, 2023",General Academic,High school,10457,Crotona - Tremont,0.0,0.0,100.0,0.0,60.4,40.5
Concord High School,6,"2017, 2018, 2019, 2020, 2022, 2023",Transfer School,High school,10304,Stapleton - St. George,0.0,0.0,100.0,0.0,58.3,26.7
Crotona International High School,6,"2017, 2018, 2019, 2020, 2022, 2023",Career Technical,High school,10458,Fordham - Bronx Park,0.0,0.0,100.0,0.0,30.7,13.9
CSI High School for International Studies,6,"2017, 2018, 2019, 2020, 2022, 2023",General Academic,High school,10314,Willowbrook,48.39,0.0,51.61,0.0,74.78,82.25
Cultural Academy for the Arts and Sciences,6,"2017, 2018, 2019, 2020, 2022, 2023",General Academic,High school,11203,East Flatbush - Flatbush,0.0,89.32,10.68,0.0,56.02,29.15
Cyberarts Studio Academy,6,"2017, 2018, 2019, 2020, 2022, 2023",General Academic,High school,11215,Downtown - Heights - Park Slope,11.48,14.75,63.93,9.84,54.93,21.28
Democracy Preparatory Charter School,6,"2017, 2018, 2019, 2021, 2022, 2023",General Academic,High school,10030,Central Harlem - Morningside Heights,0.0,100.0,0.0,0.0,63.8,56.0
DeWitt Clinton High School,6,"2017, 2018, 2019, 2020, 2022, 2023",General Academic,High school,10468,Fordham - Bronx Park,8.36,24.79,63.51,3.34,66.13,66.03
Digital Arts and Cinema Technology High School,6,"2017, 2018, 2019, 2020, 2022, 2023",General Academic,High school,11201,Downtown - Heights - Park Slope,0.0,54.76,45.24,0.0,70.75,69.04
Dr. Richard Izquierdo Health & Science Charter School,6,"2017, 2018, 2019, 2020, 2022, 2023",General Academic,High school,10456,High Bridge - Morrisania,0.0,0.0,100.0,0.0,58.9,50.0
DreamYard Preparatory School,6,"2017, 2018, 2019, 2020, 2022, 2023",General Academic,High school,10457,Crotona - Tremont,0.0,27.78,72.22,0.0,55.47,28.89
Eagle Academy for Young Men of Harlem,6,"2017, 2018, 2019, 2020, 2022, 2023",General Academic,High school,10030,Central Harlem - Morningside Heights,0.0,100.0,0.0,0.0,66.5,60.0
East Bronx Academy for the Future,6,"2017, 2018, 2019, 2020, 2022, 2023",General Academic,High school,10460,Crotona - Tremont,5.14,22.86,72.0,0.0,60.4,41.41
East Side Community School,6,"2017, 2018, 2019, 2020, 2022, 2023",General Academic,High school,10009,Union Square - Lower East Side,0.0,18.56,63.92,17.53,80.26,90.7
East Williamsburg Scholars Academy,6,"2017, 2018, 2019, 2020, 2022, 2023",General Academic,High school,11211,Greenpoint,0.0,15.38,84.62,0.0,57.02,36.54
East-West School of International Studies,6,"2017, 2018, 2019, 2020, 2022, 2023",General Academic,High school,11355,Flushing - Clearview,68.21,7.28,24.5,0.0,75.39,82.75
EBC High School for Public Service - Bushwick,6,"2017, 2018, 2019, 2020, 2022, 2023",General Academic,High school,11221,Williamsburg - Bushwick,0.0,9.84,90.16,0.0,55.39,24.63
Edward A. Reynolds West Side High School,6,"2017, 2018, 2019, 2020, 2022, 2023",Transfer School,High school,10025,Upper West Side,0.0,33.33,66.67,0.0,64.47,55.57
Edward R. Murrow High School,6,"2017, 2018, 2019, 2020, 2022, 2023",General Academic,High school,11230,Borough Park,28.22,15.88,20.17,35.73,76.87,80.49
Eleanor Roosevelt High School,6,"2017, 2018, 2019, 2020, 2022, 2023",General Academic,High school,10021,Upper East Side,25.37,0.0,11.94,62.69,90.73,99.26
Emma Lazarus High School,6,"2017, 2018, 2019, 2020, 2022, 2023",Transfer School,High school,10002,Union Square - Lower East Side,34.48,11.21,47.41,6.9,74.66,86.2
English Language Learners and International Support Preparatory Academy (ELLIS),6,"2017, 2018, 2019, 2020, 2022, 2023",Transfer School,High school,10463,Kingsbridge - Riverdale,0.0,20.48,79.52,0.0,64.4,59.04
Epic High School - North,6,"2017, 2018, 2019, 2020, 2022, 2023",General Academic,High school,11418,Southwest Queens,29.73,15.68,51.35,3.24,70.85,71.88
Epic High School - South,6,"2017, 2018, 2019, 2020, 2022, 2023",General Academic,High school,11420,Southwest Queens,31.25,27.08,41.67,0.0,54.47,29.17
Esperanza Preparatory Academy,6,"2017, 2018, 2019, 2020, 2022, 2023",General Academic,High school,10029,East Harlem,0.0,9.86,90.14,0.0,65.8,66.2
Excelsior Preparatory High School,6,"2017, 2018, 2019, 2020, 2022, 2023",General Academic,High school,11413,Southeast Queens,0.0,84.0,16.0,0.0,65.86,65.37
Eximius College Preparatory Academy: A College Board School,6,"2017, 2018, 2019, 2020, 2022, 2023",General Academic,High school,10456,High Bridge - Morrisania,0.0,0.0,100.0,0.0,68.6,73.1
Explorations Academy High School,6,"2017, 2018, 2019, 2020, 2022, 2023",General Academic,High school,10460,Crotona - Tremont,0.0,31.82,68.18,0.0,61.5,55.67
The Facing History School,6,"2017, 2018, 2019, 2020, 2022, 2023",General Academic,High school,10019,Chelsea - Clinton,0.0,24.73,75.27,0.0,65.23,59.13
Fannie Lou Hamer Freedom High School,6,"2017, 2018, 2019, 2020, 2022, 2023",General Academic,High school,10460,Crotona - Tremont,6.06,24.24,69.7,0.0,67.92,62.61
FDNY - Captain Vernon A. Richard High School for Fire and Life Safety,6,"2017, 2018, 2019, 2020, 2022, 2023",General Academic,High school,11207,East New York,0.0,65.22,34.78,0.0,58.15,39.13
Flushing High School,6,"2017, 2018, 2019, 2020, 2022, 2023",General Academic,High school,11354,Flushing - Clearview,14.52,4.29,78.22,2.97,54.44,27.41
Flushing International High School,6,"2017, 2018, 2019, 2020, 2022, 2023",General Academic,High school,11355,Flushing - Clearview,29.23,0.0,70.77,0.0,51.7,34.62
Food and Finance High School,6,"2017, 2018, 2019, 2020, 2022, 2023",Career Technical,High school,10019,Chelsea - Clinton,0.0,40.91,59.09,0.0,56.46,28.4
Forest Hills High School,6,"2017, 2018, 2019, 2020, 2022, 2023",General Academic,High school,11375,Ridgewood - Forest Hills,24.37,5.58,49.58,20.47,65.23,55.49
Francis Lewis High School,6,"2017, 2018, 2019, 2020, 2022, 2023",General Academic,High school,11365,Fresh Meadows,64.0,4.0,21.82,10.18,76.73,83.63
Frank McCourt High School,6,"2017, 2018, 2019, 2020, 2022, 2023",General Academic,High school,10024,Upper West Side,0.0,20.29,53.62,26.09,69.95,68.12
Frank Sinatra School of the Arts High School,6,"2017, 2018, 2019, 2020, 2022, 2023",General Academic,High school,11106,Long Island City - Astoria,0.0,0.0,42.0,58.0,68.87,62.03
Frederick Douglass Academy,6,"2017, 2018, 2019, 2020, 2022, 2023",General Academic,High school,10039,Central Harlem - Morningside Heights,0.0,63.64,31.82,4.55,65.67,63.0
Frederick Douglass Academy VI High School,6,"2017, 2018, 2019, 2020, 2022, 2023",General Academic,High school,11691,Rockaway,0.0,47.89,52.11,0.0,59.09,56.33
Frederick Douglass Academy VII High School,6,"2017, 2018, 2019, 2020, 2022, 2023",General Academic,High school,11212,Bedford Stuyvesant - Crown Heights,0.0,73.33,26.67,0.0,55.69,18.9
Gaynor McCown Expeditionary Learning School,6,"2017, 2018, 2019, 2020, 2022, 2023",General Academic,High school,10314,Willowbrook,13.86,0.0,24.75,61.39,86.57,97.05
George Washington Carver High School for the Sciences,6,"2017, 2018, 2019, 2020, 2022, 2023",General Academic,High school,11413,Southeast Queens,13.59,62.14,24.27,0.0,64.23,62.12
Gotham Collaborative High School,6,"2017, 2018, 2019, 2020, 2022, 2023",General Academic,High school,10473,Pelham - Throgs Neck,0.0,30.85,69.15,0.0,59.15,41.51
Gramercy Arts High School,6,"2017, 2018, 2019, 2020, 2022, 2023",General Academic,High school,10003,Union Square - Lower East Side,0.0,30.0,58.75,11.25,74.43,79.14
Grover Cleveland High School,6,"2017, 2018, 2019, 2020, 2022, 2023",General Academic,High school,11385,Ridgewood - Forest Hills,7.52,0.0,78.64,13.83,61.34,44.94
"X259 H.E.R.O. High (Health, Education, and Research Occupations High School)",6,"2017, 2018, 2019, 2020, 2022, 2023",Career Technical,High school,10455,Hunts Point - Mott Haven,0.0,31.6,68.4,0.0,70.27,71.89
Harlem Renaissance High School,6,"2017, 2018, 2019, 2020, 2022, 2023",Transfer School,High school,10035,East Harlem,0.0,100.0,0.0,0.0,65.4,42.9
Harry S Truman High School,6,"2017, 2018, 2019, 2020, 2022, 2023",General Academic,High school,10475,Northeast Bronx,3.93,48.24,45.96,1.86,70.51,73.11
Harvest Collegiate High School,6,"2017, 2018, 2019, 2020, 2022, 2023",General Academic,High school,10011,Chelsea - Clinton,0.0,25.62,64.46,9.92,71.71,80.99
Harvey Milk High School,6,"2017, 2018, 2019, 2020, 2022, 2023",Transfer School,High school,10003,Union Square - Lower East Side,0.0,0.0,100.0,0.0,68.7,70.0
Health Opportunities High School,6,"2017, 2018, 2019, 2020, 2022, 2023",General Academic,High school,10451,High Bridge - Morrisania,0.0,0.0,100.0,0.0,63.8,50.0
"Mathematics, Science Research and Technology Magnet High School",6,"2017, 2018, 2019, 2020, 2022, 2023",General Academic,High school,11411,Southeast Queens,6.52,77.54,15.94,0.0,60.39,40.62
Herbert H. Lehman High School,6,"2017, 2018, 2019, 2020, 2022, 2023",General Academic,High school,10461,Pelham - Throgs Neck,6.3,26.93,58.74,8.02,61.48,47.86
The Heritage School,6,"2017, 2018, 2019, 2020, 2022, 2023",General Academic,High school,10029,East Harlem,0.0,0.0,100.0,0.0,53.8,26.3
High School for Arts and Business,6,"2017, 2018, 2019, 2020, 2022, 2023",General Academic,High school,11368,West Queens,6.21,7.59,86.21,0.0,66.63,68.27
High School for Civil Rights,6,"2017, 2018, 2019, 2020, 2022, 2023",General Academic,High school,11207,East New York,0.0,55.56,44.44,0.0,57.7,41.27
"High School For Construction Trades, Engineering & Architecture",6,"2017, 2018, 2019, 2020, 2022, 2023",Career Technical,High school,11416,Southwest Queens,39.1,13.46,42.31,5.13,76.21,85.87
High School for Contemporary Arts,6,"2017, 2018, 2019, 2020, 2022, 2023",General Academic,High school,10467,Fordham - Bronx Park,0.0,48.24,51.76,0.0,49.91,16.48
High School for Dual Language and Asian Studies,6,"2017, 2018, 2019, 2020, 2022, 2023",General Academic,High school,10002,Union Square - Lower East Side,100.0,0.0,0.0,0.0,91.8,100.0
High School for Energy and Technology,6,"2017, 2018, 2019, 2020, 2022, 2023",Career Technical,High school,10458,Fordham - Bronx Park,0.0,26.25,73.75,0.0,67.48,66.24
High School for Excellence and Innovation,6,"2017, 2018, 2019, 2020, 2022, 2023",Transfer School,High school,10034,Washington Heights - Inwood,0.0,0.0,100.0,0.0,55.3,38.7
High School for Health Careers and Sciences,6,"2017, 2018, 2019, 2020, 2022, 2023",General Academic,High school,10040,Washington Heights - Inwood,0.0,9.3,90.7,0.0,54.44,25.54
High School for Health Professions and Human Services,6,"2017, 2018, 2019, 2020, 2022, 2023",General Academic,High school,10003,Union Square - Lower East Side,13.21,25.94,60.85,0.0,62.08,46.66
High School for Innovation in Advertising and Media,6,"2017, 2018, 2019, 2020, 2022, 2023",Career Technical,High school,11236,Canarsie - Flatlands,0.0,77.78,10.0,12.22,55.01,27.79
High School for Law and Public Service,6,"2017, 2018, 2019, 2020, 2022, 2023",General Academic,High school,10040,Washington Heights - Inwood,0.0,5.03,94.97,0.0,55.94,31.46
High School for Law Enforcement and Public Safety,6,"2017, 2018, 2019, 2020, 2022, 2023",General Academic,High school,11434,Jamaica,15.89,56.07,28.04,0.0,54.13,26.18
"High School for Law, Advocacy and Community Justice",6,"2017, 2018, 2019, 2020, 2022, 2023",General Academic,High school,10023,Upper West Side,6.09,24.35,69.57,0.0,58.44,38.27
High School for Media and Communications,6,"2017, 2018, 2019, 2020, 2022, 2023",General Academic,High school,10040,Washington Heights - Inwood,0.0,0.0,100.0,0.0,56.3,37.0
High School for Medical Professions,6,"2017, 2018, 2019, 2020, 2022, 2023",General Academic,High school,11236,Canarsie - Flatlands,0.0,89.09,0.0,10.91,59.46,38.15
High School for Public Service: Heroes of Tomorrow,6,"2017, 2018, 2019, 2020, 2022, 2023",General Academic,High school,11203,East Flatbush - Flatbush,0.0,82.93,17.07,0.0,59.71,42.7
High School for Service & Learning at Erasmus,6,"2017, 2018, 2019, 2020, 2022, 2023",General Academic,High school,11226,East Flatbush - Flatbush,0.0,63.46,36.54,0.0,56.45,24.97
High School for Teaching and the Professions,6,"2017, 2018, 2019, 2020, 2022, 2023",General Academic,High school,10468,Fordham - Bronx Park,0.0,0.0,100.0,0.0,57.7,41.7
High School for Violin and Dance,6,"2017, 2018, 2019, 2020, 2022, 2023",General Academic,High school,10456,High Bridge - Morrisania,0.0,0.0,100.0,0.0,57.1,42.9
High School for Youth and Community Development at Erasmus,6,"2017, 2018, 2019, 2020, 2022, 2023",General Academic,High school,11226,East Flatbush - Flatbush,0.0,78.86,21.14,0.0,55.67,23.57
City-As-School High School,6,"2017, 2018, 2019, 2020, 2022, 2023",Transfer School,High school,10014,Greenwich Village - SoHo,0.0,46.15,53.85,0.0,63.64,53.85
High School of American Studies at Lehman College,6,"2017, 2018, 2019, 2020, 2022, 2023",General Academic,High school,10458,Fordham - Bronx Park,24.59,0.0,22.95,52.46,89.71,100.0
High School of Applied Communication,6,"2017, 2018, 2019, 2020, 2022, 2023",General Academic,High school,11101,Long Island City - Astoria,11.27,5.63,75.35,7.75,62.12,50.01
High School of Arts and Technology,6,"2017, 2018, 2019, 2020, 2022, 2023",General Academic,High school,10023,Upper West Side,0.0,27.78,72.22,0.0,53.87,27.05
High School of Economics and Finance,6,"2017, 2018, 2019, 2020, 2022, 2023",General Academic,High school,10006,Lower Manhattan,12.84,20.18,66.97,0.0,63.55,55.96
High School of Hospitality Management,6,"2017, 2018, 2019, 2020, 2022, 2023",General Academic,High school,10019,Chelsea - Clinton,0.0,0.0,100.0,0.0,68.6,58.8
High School of Language and Innovation,6,"2017, 2018, 2019, 2020, 2022, 2023",General Academic,High school,10469,Northeast Bronx,0.0,15.09,66.98,17.92,65.44,64.14
High School of Sports Management,6,"2017, 2018, 2019, 2020, 2022, 2023",General Academic,High school,11214,Bensonhurst - Bay Ridge,0.0,14.74,49.36,35.9,56.54,31.41
High School of Telecommunication Arts and Technology,6,"2017, 2018, 2019, 2020, 2022, 2023",General Academic,High school,11220,Sunset Park,20.94,5.13,51.28,22.65,62.37,44.01
Hillcrest High School,6,"2017, 2018, 2019, 2020, 2022, 2023",General Academic,High school,11432,Jamaica,24.24,33.57,38.93,3.26,60.15,39.86
Hillside Arts & Letters Academy,6,"2017, 2018, 2019, 2020, 2022, 2023",General Academic,High school,11432,Jamaica,46.94,53.06,0.0,0.0,75.82,85.73
Hostos-Lincoln Academy of Science,6,"2017, 2018, 2019, 2020, 2022, 2023",General Academic,High school,10455,Hunts Point - Mott Haven,0.0,0.0,100.0,0.0,75.7,78.7
Hudson High School of Learning Technologies,6,"2017, 2018, 2019, 2020, 2022, 2023",General Academic,High school,10011,Chelsea - Clinton,0.0,0.0,100.0,0.0,64.6,55.0
Humanities Preparatory Academy,6,"2017, 2018, 2019, 2020, 2022, 2023",Transfer School,High school,10011,Chelsea - Clinton,0.0,15.52,48.28,36.21,79.66,84.47
In-Tech Academy (M.S. / High School 368),6,"2017, 2018, 2019, 2020, 2022, 2023",General Academic,High school,10463,Kingsbridge - Riverdale,0.0,8.05,91.95,0.0,69.01,68.5
Independence High School,6,"2017, 2018, 2019, 2020, 2022, 2023",Transfer School,High school,10019,Chelsea - Clinton,0.0,43.48,56.52,0.0,60.75,43.5
Information Technology High School,6,"2017, 2018, 2019, 2020, 2022, 2023",General Academic,High school,11101,Long Island City - Astoria,17.91,8.96,67.16,5.97,65.9,56.73
Innovation Charter High School,6,"2017, 2018, 2019, 2020, 2022, 2023",General Academic,High school,10029,East Harlem,0.0,49.6,50.4,0.0,66.6,60.81
Innovation Diploma Plus,6,"2017, 2018, 2019, 2020, 2022, 2023",Transfer School,High school,10024,Upper West Side,0.0,0.0,100.0,0.0,50.6,15.4
Institute for Health Professions at Cambria Heights,6,"2017, 2018, 2019, 2020, 2022, 2023",Career Technical,High school,11411,Southeast Queens,0.0,84.62,15.38,0.0,68.9,74.58
International Community High School,6,"2017, 2018, 2019, 2020, 2022, 2023",General Academic,High school,10454,Hunts Point - Mott Haven,0.0,21.69,78.31,0.0,58.46,55.42
International High School at Lafayette,6,"2017, 2018, 2019, 2020, 2022, 2023",General Academic,High school,11214,Bensonhurst - Bay Ridge,0.0,0.0,62.0,38.0,49.52,22.02
International High School at LaGuardia Community College,6,"2017, 2018, 2019, 2020, 2022, 2023",General Academic,High school,11101,Long Island City - Astoria,13.7,0.0,86.3,0.0,57.48,47.3
International Leadership Charter High School,6,"2017, 2018, 2019, 2021, 2022, 2023",General Academic,High school,10463,Kingsbridge - Riverdale,0.0,21.05,78.95,0.0,67.52,68.41
International School for Liberal Arts,6,"2017, 2018, 2019, 2020, 2022, 2023",General Academic,High school,10468,Fordham - Bronx Park,0.0,0.0,100.0,0.0,55.1,25.3
Inwood Academy for Leadership Charter School,6,"2017, 2018, 2019, 2020, 2022, 2023",General Academic,High school,10034,Washington Heights - Inwood,0.0,0.0,100.0,0.0,60.5,36.6
Inwood Early College For Health And Information Technologies,6,"2017, 2018, 2019, 2020, 2022, 2023",Career Technical,High school,10034,Washington Heights - Inwood,0.0,4.61,95.39,0.0,61.2,48.02
It Takes a Village Academy,6,"2017, 2018, 2019, 2020, 2022, 2023",General Academic,High school,11203,East Flatbush - Flatbush,0.0,89.23,10.77,0.0,53.65,24.65
Jacqueline Kennedy Onassis High School,6,"2017, 2018, 2019, 2020, 2022, 2023",General Academic,High school,10036,Chelsea - Clinton,0.0,28.57,71.43,0.0,59.39,39.81
Jamaica Gateway to the Sciences,6,"2017, 2018, 2019, 2020, 2022, 2023",General Academic,High school,11432,Jamaica,49.46,24.73,25.81,0.0,64.65,51.6
Jill Chaifetz Transfer High School,6,"2017, 2018, 2019, 2020, 2022, 2023",Transfer School,High school,10456,High Bridge - Morrisania,0.0,0.0,100.0,0.0,54.9,18.2
John Jay School for Law,6,"2017, 2018, 2019, 2020, 2022, 2023",General Academic,High school,11215,Downtown - Heights - Park Slope,6.25,54.46,39.29,0.0,59.18,33.94
Khalil Gibran International Academy,6,"2017, 2018, 2019, 2020, 2022, 2023",General Academic,High school,11217,Downtown - Heights - Park Slope,0.0,39.47,36.84,23.68,49.51,10.51
Kingsbridge International High School,6,"2017, 2018, 2019, 2020, 2022, 2023",General Academic,High school,10468,Fordham - Bronx Park,0.0,0.0,100.0,0.0,59.5,33.3
Knowledge and Power Preparatory Academy International High School,6,"2017, 2018, 2019, 2020, 2022, 2023",General Academic,High school,10458,Fordham - Bronx Park,0.0,29.27,70.73,0.0,58.4,35.33
Kurt Hahn Expeditionary Learning School,6,"2017, 2018, 2019, 2020, 2022, 2023",General Academic,High school,11203,East Flatbush - Flatbush,0.0,80.43,19.57,0.0,61.57,56.57
Landmark High School,6,"2017, 2018, 2019, 2020, 2022, 2023",General Academic,High school,10011,Chelsea - Clinton,0.0,31.58,68.42,0.0,66.99,58.98
Leadership and Public Service High School,6,"2017, 2018, 2019, 2020, 2022, 2023",General Academic,High school,10006,Lower Manhattan,7.53,20.43,72.04,0.0,72.99,79.57
Leon M. Goldstein High School for the Sciences,6,"2017, 2018, 2019, 2020, 2022, 2023",General Academic,High school,11235,Coney Island - Sheepshead Bay ,27.27,26.52,0.0,46.21,73.6,78.81
Liberation Diploma Plus,6,"2017, 2018, 2019, 2020, 2022, 2023",Transfer School,High school,11224,Coney Island - Sheepshead Bay ,0.0,54.05,45.95,0.0,51.92,21.63
Liberty High School Academy for Newcomers,6,"2017, 2018, 2019, 2020, 2022, 2023",Transfer School,High school,10011,Chelsea - Clinton,0.0,39.13,60.87,0.0,59.83,47.82
Life Academy High School for Film and Music,6,"2017, 2018, 2019, 2020, 2022, 2023",General Academic,High school,11214,Bensonhurst - Bay Ridge,0.0,16.0,61.33,22.67,57.76,49.31
Longwood Preparatory Academy,6,"2017, 2018, 2019, 2020, 2022, 2023",General Academic,High school,10459,Hunts Point - Mott Haven,0.0,33.33,66.67,0.0,64.6,62.93
Lower East Side Preparatory High School,6,"2017, 2018, 2019, 2020, 2022, 2023",Transfer School,High school,10002,Union Square - Lower East Side,41.09,0.0,58.91,0.0,69.4,73.66
Lower Manhattan Arts Academy,6,"2017, 2018, 2019, 2020, 2022, 2023",General Academic,High school,10002,Union Square - Lower East Side,0.0,46.88,53.12,0.0,58.0,43.75
Lyons Community School,6,"2017, 2018, 2019, 2020, 2022, 2023",General Academic,High school,11206,Williamsburg - Bushwick,0.0,0.0,100.0,0.0,53.5,7.7
Manhattan Academy For Arts & Language,6,"2017, 2018, 2019, 2020, 2022, 2023",General Academic,High school,10016,Gramercy Park - Murray Hill,0.0,0.0,100.0,0.0,57.8,33.3
Manhattan Bridges High School,6,"2017, 2018, 2019, 2020, 2021, 2023",General Academic,High school,10019,Chelsea - Clinton,0.0,0.0,100.0,0.0,69.7,64.9
Manhattan Business Academy,6,"2017, 2018, 2019, 2020, 2022, 2023",General Academic,High school,10011,Chelsea - Clinton,0.0,33.85,66.15,0.0,62.25,52.29
Manhattan Center for Science and Mathematics,6,"2017, 2018, 2019, 2020, 2022, 2023",General Academic,High school,10029,East Harlem,25.34,23.29,51.37,0.0,76.12,84.95
Manhattan Comprehensive Night and Day High School,6,"2017, 2018, 2019, 2020, 2022, 2023",Transfer School,High school,10003,Union Square - Lower East Side,9.6,30.4,60.0,0.0,68.12,65.59
Manhattan Early College School for Advertising,6,"2017, 2018, 2019, 2020, 2022, 2023",Career Technical,High school,10038,Lower Manhattam,0.0,45.71,54.29,0.0,74.16,80.01
Manhattan International High School,6,"2017, 2018, 2019, 2020, 2022, 2023",General Academic,High school,10065,Upper East Side,13.67,26.62,50.36,9.35,62.32,54.69
Marble Hill High School for International Studies,6,"2017, 2018, 2019, 2020, 2022, 2023",General Academic,High school,10463,Kingsbridge - Riverdale,0.0,15.85,84.15,0.0,65.99,53.68
Martin Van Buren High School,6,"2017, 2018, 2019, 2020, 2022, 2023",General Academic,High school,11427,Southeast Queens,34.44,41.39,20.36,3.81,71.03,73.68
Maspeth High School,6,"2017, 2018, 2019, 2020, 2022, 2023",General Academic,High school,11378,West Queens,21.17,0.0,78.83,0.0,65.85,59.49
"Math, Engineering, and Science Academy (MESA) Charter High School",6,"2017, 2018, 2019, 2020, 2022, 2023",General Academic,High school,11221,Williamsburg - Bushwick,0.0,0.0,100.0,0.0,63.6,51.0
Medgar Evers College Preparatory School,6,"2017, 2018, 2019, 2020, 2022, 2023",General Academic,High school,11225,East Flatbush - Flatbush,2.95,87.54,9.51,0.0,75.56,84.94
Metropolitan Expeditionary Learning School,6,"2017, 2018, 2019, 2020, 2022, 2023",General Academic,High school,11375,Jamaica,20.75,19.81,43.4,16.04,77.31,80.18
Millennium Art Academy,6,"2017, 2018, 2019, 2020, 2022, 2023",General Academic,High school,10473,Pelham - Throgs Neck,0.0,28.57,71.43,0.0,70.24,69.84
Mott Hall Bronx High School,6,"2017, 2018, 2019, 2020, 2022, 2023",General Academic,High school,10457,Crotona - Tremont,0.0,24.21,75.79,0.0,57.72,34.72
Mott Hall High School,6,"2017, 2018, 2019, 2020, 2022, 2023",General Academic,High school,10030,Central Harlem - Morningside Heights,0.0,0.0,100.0,0.0,74.3,85.2
Mott Haven Community High School,6,"2017, 2018, 2019, 2020, 2022, 2023",Transfer School,High school,10455,Hunts Point - Mott Haven,0.0,0.0,100.0,0.0,54.3,34.5
Mott Haven Village Preparatory High School,6,"2017, 2018, 2019, 2020, 2022, 2023",General Academic,High school,10455,Hunts Point - Mott Haven,0.0,0.0,100.0,0.0,54.8,25.0
Murray Hill Academy,6,"2017, 2018, 2019, 2020, 2022, 2023",Transfer School,High school,10016,Gramercy Park - Murray Hill,0.0,40.0,60.0,0.0,63.24,62.22
Murry Bergtraum High School for Business Careers,6,"2017, 2018, 2019, 2020, 2022, 2023",General Academic,High school,10038,Lower Manhattam,0.0,50.0,50.0,0.0,52.85,10.0
N.Y.C. Museum School,6,"2017, 2018, 2019, 2021, 2022, 2023",General Academic,High school,10011,Chelsea - Clinton,14.29,8.57,40.0,37.14,71.38,69.98
Nelson Mandela High School,6,"2017, 2018, 2019, 2020, 2022, 2023",General Academic,High school,11213,Bedford Stuyvesant - Crown Heights,0.0,100.0,0.0,0.0,63.7,62.5
New Design High School,6,"2017, 2018, 2019, 2020, 2022, 2023",General Academic,High school,10002,Union Square - Lower East Side,0.0,25.81,74.19,0.0,57.2,32.26
New Dorp High School,6,"2017, 2018, 2019, 2020, 2022, 2023",General Academic,High school,10306,South Beach - Tottenville ,15.05,10.88,34.87,39.2,65.11,57.5
New Ventures Charter School,6,"2017, 2018, 2019, 2020, 2022, 2023",General Academic,High school,10314,Willowbrook,0.0,35.29,64.71,0.0,51.01,5.89
New Visions AIM Charter High School I,6,"2017, 2018, 2019, 2020, 2022, 2023",Transfer School,High school,11212,Bedford Stuyvesant - Crown Heights,0.0,100.0,0.0,0.0,47.6,11.1
New Visions AIM Charter High School II,6,"2017, 2018, 2019, 2020, 2022, 2023",Transfer School,High school,10459,Hunts Point - Mott Haven,0.0,46.15,53.85,0.0,59.5,30.78
New Visions Charter High School for Advanced Math,6,"2017, 2018, 2019, 2020, 2022, 2023",General Academic,High school,11235,Coney Island - Sheepshead Bay ,0.0,64.39,35.61,0.0,61.25,43.6
New Visions Charter High School for the Humanities,6,"2017, 2018, 2019, 2020, 2022, 2023",General Academic,High school,11235,Coney Island - Sheepshead Bay ,0.0,43.09,56.91,0.0,68.98,68.28
Newtown High School,6,"2017, 2018, 2019, 2020, 2022, 2023",General Academic,High school,11373,West Queens,23.87,2.44,68.05,5.64,69.57,69.16
Northside Charter High School,6,"2017, 2018, 2019, 2020, 2022, 2023",General Academic,High school,11222,Greenpoint,0.0,34.38,65.62,0.0,56.72,31.28
AECI 1 Charter School,6,"2017, 2018, 2019, 2020, 2022, 2023",General Academic,High school,10451,High Bridge - Morrisania,0.0,29.6,70.4,0.0,68.83,66.44
NYC iSchool,6,"2017, 2018, 2019, 2020, 2022, 2023",General Academic,High school,10013,Greenwich Village - SoHo,0.0,18.0,46.0,36.0,74.22,86.01
Olympus Academy,6,"2017, 2018, 2019, 2020, 2022, 2023",Transfer School,High school,11236,Canarsie - Flatlands,0.0,100.0,0.0,0.0,62.3,44.0
Opportunity Charter School,6,"2017, 2018, 2019, 2020, 2022, 2023",General Academic,High school,10026,Central Harlem - Morningside Heights,0.0,0.0,100.0,0.0,54.2,34.4
Orchard Collegiate Academy,6,"2017, 2018, 2019, 2020, 2022, 2023",General Academic,High school,10002,Union Square - Lower East Side,13.04,21.74,65.22,0.0,67.79,65.23
Origins High School,6,"2017, 2018, 2019, 2020, 2022, 2023",General Academic,High school,11235,Coney Island - Sheepshead Bay ,21.43,26.53,0.0,52.04,63.99,57.16
Pace High School,6,"2017, 2018, 2019, 2020, 2022, 2023",General Academic,High school,10002,Union Square - Lower East Side,14.38,30.14,55.48,0.0,76.58,80.1
Park East High School,6,"2017, 2018, 2019, 2020, 2022, 2023",General Academic,High school,10029,East Harlem,0.0,32.08,67.92,0.0,77.88,90.58
Park Slope Collegiate,6,"2017, 2018, 2019, 2020, 2022, 2023",General Academic,High school,11215,Downtown - Heights - Park Slope,3.61,25.3,44.58,26.51,63.28,51.83
Pathways College Preparatory School: A College Board School,6,"2017, 2018, 2019, 2020, 2022, 2023",General Academic,High school,11412,Jamaica,10.29,82.35,7.35,0.0,74.34,75.74
Pelham Lab High School,6,"2017, 2018, 2019, 2020, 2022, 2023",General Academic,High school,10461,Pelham - Throgs Neck,0.0,26.53,73.47,0.0,59.39,42.84
Pelham Preparatory Academy,6,"2017, 2018, 2019, 2020, 2022, 2023",General Academic,High school,10469,Northeast Bronx,0.0,47.62,52.38,0.0,63.9,49.98
Performing Arts and Technology High School,6,"2017, 2018, 2019, 2020, 2022, 2023",General Academic,High school,11207,East New York,0.0,68.14,31.86,0.0,64.95,65.5
Port Richmond High School,6,"2017, 2018, 2019, 2020, 2022, 2023",General Academic,High school,10302,Port Richmond,6.57,21.53,59.31,12.59,63.06,57.31
Preparatory Academy for Writers: A College Board School,6,"2017, 2018, 2019, 2020, 2022, 2023",General Academic,High school,11413,Southeast Queens,4.68,81.87,13.45,0.0,65.32,62.55
Professional Pathways High School,6,"2017, 2018, 2019, 2020, 2022, 2023",Transfer School,High school,11235,Coney Island - Sheepshead Bay ,0.0,30.23,46.51,23.26,53.03,20.94
Professional Performing Arts High School,6,"2017, 2018, 2019, 2020, 2022, 2023",General Academic,High school,10036,Chelsea - Clinton,0.0,25.93,40.74,33.33,78.87,88.89
PROGRESS High School for Professional Careers,6,"2017, 2018, 2019, 2020, 2022, 2023",General Academic,High school,11211,Greenpoint,0.0,20.93,79.07,0.0,48.77,10.1
Queens Collegiate: A College Board School,6,"2017, 2018, 2019, 2020, 2022, 2023",General Academic,High school,11432,Jamaica,26.92,40.0,33.08,0.0,61.48,46.15
"Queens High School for Information, Research, and Technology",6,"2017, 2018, 2019, 2020, 2022, 2023",General Academic,High school,11691,Rockaway,5.76,30.94,63.31,0.0,68.02,62.61
Queens High School for Language Studies,6,"2017, 2018, 2019, 2020, 2022, 2023",General Academic,High school,11354,Flushing - Clearview,66.94,0.0,33.06,0.0,72.17,75.83
Queens High School for the Sciences at York College,6,"2017, 2018, 2019, 2020, 2022, 2023",General Academic,High school,11433,Jamaica,100.0,0.0,0.0,0.0,88.5,100.0
"Queens High School of Teaching, Liberal Arts and the Sciences",6,"2017, 2018, 2019, 2020, 2022, 2023",General Academic,High school,11426,Southeast Queens,22.16,44.31,28.74,4.79,65.91,55.71
Queens Metropolitan High School,6,"2017, 2018, 2019, 2020, 2022, 2023",General Academic,High school,11375,Jamaica,6.88,0.0,53.12,40.0,69.0,70.04
Queens Preparatory Academy,6,"2017, 2018, 2019, 2020, 2022, 2023",General Academic,High school,11413,Southeast Queens,0.0,87.23,12.77,0.0,55.6,29.79
Queens Satellite High School for Opportunity,6,"2017, 2018, 2019, 2020, 2022, 2023",Transfer School,High school,11432,Jamaica,17.14,34.29,48.57,0.0,62.57,60.0
The Queens School of Inquiry,6,"2017, 2018, 2019, 2020, 2022, 2023",General Academic,High school,11374,Fresh Meadows,49.0,18.0,33.0,0.0,64.53,56.02
Queens Technical High School,6,"2017, 2018, 2019, 2020, 2022, 2023",Career Technical,High school,11101,Long Island City - Astoria,5.44,3.37,88.34,2.85,65.03,56.24
Quest to Learn,6,"2017, 2018, 2019, 2020, 2022, 2023",General Academic,High school,10011,Chelsea - Clinton,0.0,30.34,58.43,11.24,57.2,37.06
Rachel Carson High School for Coastal Studies,6,"2017, 2018, 2019, 2020, 2022, 2023",General Academic,High school,11224,Coney Island - Sheepshead Bay ,12.12,11.11,18.18,58.59,61.84,53.54
Ralph R. McKee Career and Technical Education High School,6,"2017, 2018, 2019, 2020, 2022, 2023",Career Technical,High school,10301,Stapleton - St. George,0.0,26.23,60.66,13.11,62.01,52.49
Renaissance High School for Musical Theater and the Arts,6,"2017, 2018, 2019, 2020, 2022, 2023",General Academic,High school,10461,Pelham - Throgs Neck,0.0,25.93,66.67,7.41,64.04,50.65
Research and Service High School,6,"2017, 2018, 2019, 2020, 2022, 2023",Transfer School,High school,11213,Bedford Stuyvesant - Crown Heights,0.0,100.0,0.0,0.0,55.1,27.3
Richard R. Green High School of Teaching,6,"2017, 2018, 2019, 2020, 2022, 2023",General Academic,High school,10004,Lower Manhattan,18.33,16.67,50.0,15.0,71.43,68.34
Richmond Hill High School,6,"2017, 2018, 2019, 2020, 2022, 2023",General Academic,High school,11418,Southwest Queens,31.2,10.57,54.3,3.93,65.56,59.72
Robert F. Kennedy Community High School,6,"2017, 2018, 2019, 2020, 2022, 2023",General Academic,High school,11366,Fresh Meadows,24.75,20.79,54.46,0.0,67.42,59.42
Robert H. Goddard High School of Communication Arts and Technology,6,"2017, 2018, 2019, 2020, 2022, 2023",General Academic,High school,11417,Southwest Queens,31.3,6.11,48.85,13.74,83.23,95.43
Rockaway Collegiate High School,6,"2017, 2018, 2019, 2020, 2022, 2023",General Academic,High school,11694,Rockaway,0.0,100.0,0.0,0.0,49.4,20.0
Rockaway Park High School for Environmental Sustainability,6,"2017, 2018, 2019, 2020, 2022, 2023",General Academic,High school,11694,Rockaway,0.0,51.43,48.57,0.0,51.45,14.29
School for Classics High School,6,"2017, 2018, 2019, 2020, 2022, 2023",General Academic,High school,11208,East New York,0.0,52.63,47.37,0.0,49.04,10.52
School for Excellence,6,"2017, 2018, 2019, 2020, 2022, 2023",General Academic,High school,10456,High Bridge - Morrisania,0.0,100.0,0.0,0.0,63.2,46.2
The School for Human Rights,6,"2017, 2018, 2019, 2020, 2022, 2023",General Academic,High school,11203,East Flatbush - Flatbush,0.0,100.0,0.0,0.0,59.8,46.4
Schuylerville Preparatory High School,6,"2017, 2018, 2019, 2020, 2022, 2023",General Academic,High school,10461,Pelham - Throgs Neck,6.62,31.13,53.64,8.61,56.53,43.69
South Bronx Community Charter High School,6,"2017, 2018, 2019, 2020, 2022, 2023",General Academic,High school,10456,High Bridge - Morrisania,0.0,0.0,100.0,0.0,52.8,17.5
South Bronx Preparatory: A College Board School,6,"2017, 2018, 2019, 2020, 2022, 2023",General Academic,High school,10454,Hunts Point - Mott Haven,0.0,0.0,100.0,0.0,70.1,75.4
South Brooklyn Community High School,6,"2017, 2018, 2019, 2020, 2022, 2023",Transfer School,High school,11234,Downtown - Heights - Park Slope,0.0,38.89,61.11,0.0,60.18,27.81
Spring Creek Community School,6,"2017, 2018, 2019, 2020, 2022, 2023",General Academic,High school,11239,Canarsie - Flatlands,0.0,86.08,13.92,0.0,54.9,21.53
Staten Island Technical High School,6,"2017, 2018, 2019, 2020, 2022, 2023",General Academic,High school,10306,South Beach - Tottenville ,79.07,0.0,0.0,20.93,88.42,100.0
Stephen T. Mather Building Arts & Craftsmanship High School,6,"2017, 2018, 2019, 2020, 2022, 2023",Career Technical,High school,10019,Chelsea - Clinton,0.0,34.33,65.67,0.0,57.64,31.32
Susan E. Wagner High School,6,"2017, 2018, 2019, 2020, 2022, 2023",General Academic,High school,10314,Willowbrook,22.45,9.49,40.15,27.92,68.61,61.87
Teachers Preparatory High School,6,"2017, 2018, 2019, 2020, 2022, 2023",General Academic,High school,11212,Bedford Stuyvesant - Crown Heights,0.0,68.85,31.15,0.0,51.5,32.8
The Academy of Urban Planning and Engineering,6,"2017, 2018, 2019, 2020, 2022, 2023",General Academic,High school,11237,Williamsburg - Bushwick,0.0,16.9,77.46,5.63,62.44,54.94
The Boerum Hill School for International Studies,6,"2017, 2018, 2019, 2020, 2022, 2023",General Academic,High school,11201,Downtown - Heights - Park Slope,0.0,27.35,30.77,41.88,62.06,49.56
The Bronx High School of Science,6,"2017, 2018, 2019, 2020, 2022, 2023",General Academic,High school,10468,Fordham - Bronx Park,52.07,7.44,18.18,22.31,87.94,99.18
The Bronxwood Preparatory Academy,6,"2017, 2018, 2019, 2020, 2022, 2023",General Academic,High school,10466,Northeast Bronx,0.0,59.4,40.6,0.0,62.42,54.87
The Brooklyn Academy of Global Finance,6,"2017, 2018, 2019, 2020, 2022, 2023",General Academic,High school,11221,Williamsburg - Bushwick,0.0,54.24,45.76,0.0,57.67,49.18
The Brooklyn School for Social Justice,6,"2017, 2018, 2019, 2020, 2022, 2023",General Academic,High school,11237,Williamsburg - Bushwick,0.0,0.0,100.0,0.0,53.5,21.8
The Cinema School,6,"2017, 2018, 2019, 2020, 2022, 2023",General Academic,High school,10472,Pelham - Throgs Neck,0.0,17.05,82.95,0.0,67.89,67.03
The College Academy,6,"2017, 2018, 2019, 2020, 2022, 2023",General Academic,High school,10040,Washington Heights - Inwood,0.0,0.0,100.0,0.0,53.4,44.8
The Eagle Academy for Young Men of Staten Island,6,"2017, 2018, 2019, 2020, 2022, 2023",General Academic,High school,10304,Stapleton - St. George,0.0,100.0,0.0,0.0,50.0,10.0
The Equality Charter School,6,"2017, 2018, 2019, 2020, 2022, 2023",General Academic,High school,10475,Northeast Bronx,0.0,51.69,48.31,0.0,66.49,61.82
The Global Learning Collaborative,6,"2017, 2018, 2019, 2020, 2022, 2023",General Academic,High school,10024,Upper West Side,0.0,20.21,79.79,0.0,57.95,39.39
The High School for Climate Justice,6,"2017, 2018, 2019, 2020, 2022, 2023",General Academic,High school,10128,Upper East Side,16.28,16.28,67.44,0.0,61.27,48.85
"The High School of Enterprise, Business, and Technology",6,"2017, 2018, 2019, 2020, 2022, 2023",General Academic,High school,11211,Greenpoint,0.0,17.78,82.22,0.0,54.12,26.64
The High School for Global Citizenship,6,"2017, 2018, 2019, 2020, 2022, 2023",General Academic,High school,11225,East Flatbush - Flatbush,0.0,100.0,0.0,0.0,74.4,89.1
The High School For Language And Diplomacy,6,"2017, 2018, 2019, 2020, 2022, 2023",General Academic,High school,10003,Union Square - Lower East Side,0.0,0.0,100.0,0.0,63.7,63.6
The Laboratory School of Finance and Technology,6,"2017, 2018, 2019, 2020, 2022, 2023",General Academic,High school,10454,Hunts Point - Mott Haven,0.0,0.0,100.0,0.0,77.6,100.0
"The Marie Curie School for Medicine, Nursing, and Health Professions",6,"2017, 2018, 2019, 2020, 2022, 2023",General Academic,High school,10463,Kingsbridge - Riverdale,0.0,29.55,70.45,0.0,62.04,43.17
The Maxine Greene HS for Imaginative Inquiry,6,"2017, 2018, 2019, 2020, 2022, 2023",General Academic,High school,10023,Upper West Side,0.0,25.0,75.0,0.0,67.4,66.7
The Metropolitan Soundview High School,6,"2017, 2018, 2019, 2020, 2022, 2023",General Academic,High school,10472,Pelham - Throgs Neck,0.0,12.31,87.69,0.0,51.83,21.53
The Urban Assembly Bronx Academy of Letters,6,"2017, 2018, 2019, 2020, 2022, 2023",General Academic,High school,10451,High Bridge - Morrisania,0.0,35.9,64.1,0.0,58.29,47.43
The Urban Assembly School for Emergency Management,6,"2017, 2018, 2019, 2020, 2022, 2023",Career Technical,High school,10038,Lower Manhattam,0.0,22.73,77.27,0.0,59.56,47.73
The Urban Assembly School for Global Commerce,6,"2017, 2018, 2019, 2020, 2022, 2023",Career Technical,High school,10035,East Harlem,0.0,100.0,0.0,0.0,61.4,38.7
The Urban Assembly School for Green Careers,6,"2017, 2018, 2019, 2020, 2022, 2023",Career Technical,High school,10024,Upper West Side,0.0,20.87,79.13,0.0,55.81,31.32
The Urban Assembly School for Law and Justice,6,"2017, 2018, 2019, 2020, 2022, 2023",General Academic,High school,11201,Downtown - Heights - Park Slope,0.0,57.14,42.86,0.0,62.7,48.57
The Williamsburg High School of Art and Technology,6,"2017, 2018, 2019, 2020, 2022, 2023",General Academic,High school,11206,Williamsburg - Bushwick,3.33,28.57,64.76,3.33,60.9,52.84
Theatre Arts Production Company School,6,"2017, 2018, 2019, 2020, 2022, 2023",General Academic,High school,10457,Crotona - Tremont,0.0,24.72,75.28,0.0,63.54,49.47
Thomas A. Edison Career and Technical Education High School,6,"2017, 2018, 2019, 2020, 2022, 2023",Career Technical,High school,11432,Jamaica,41.03,23.36,31.62,3.99,67.87,66.12
Thurgood Marshall Academy for Learning and Social Change,6,"2017, 2018, 2019, 2020, 2022, 2023",General Academic,High school,10030,Central Harlem - Morningside Heights,0.0,73.79,26.21,0.0,68.13,65.09
Townsend Harris High School,6,"2017, 2018, 2019, 2020, 2022, 2023",General Academic,High school,11367,Fresh Meadows,47.78,0.0,30.0,22.22,78.72,95.53
Transit Tech High School,6,"2017, 2018, 2019, 2020, 2022, 2023",Career Technical,High school,11208,East New York,0.0,61.62,38.38,0.0,55.57,32.33
Unity Preparatory Charter School of Brooklyn,6,"2017, 2018, 2019, 2020, 2022, 2023",General Academic,High school,11211,Greenpoint,0.0,73.44,26.56,0.0,55.86,28.1
University Neighborhood High School,6,"2017, 2018, 2019, 2020, 2022, 2023",General Academic,High school,10002,Union Square - Lower East Side,25.81,0.0,74.19,0.0,72.32,80.64
University Prep Charter High School,6,"2017, 2018, 2019, 2020, 2022, 2023",General Academic,High school,10455,Hunts Point - Mott Haven,0.0,35.29,64.71,0.0,77.91,92.91
Urban Academy Laboratory High School,6,"2017, 2018, 2019, 2020, 2022, 2023",Transfer School,High school,10065,Upper East Side,0.0,50.0,0.0,50.0,76.1,76.9
Urban Action Academy,6,"2017, 2018, 2019, 2020, 2022, 2023",General Academic,High school,11236,Canarsie - Flatlands,0.0,100.0,0.0,0.0,68.7,77.8
The Urban Assembly Academy of Government and Law,6,"2017, 2018, 2019, 2020, 2022, 2023",General Academic,High school,10002,Union Square - Lower East Side,8.22,42.47,49.32,0.0,74.47,80.83
Urban Assembly Institute of Math and Science for Young Women,6,"2017, 2018, 2019, 2020, 2022, 2023",General Academic,High school,11201,Downtown - Heights - Park Slope,16.47,65.88,0.0,17.65,56.23,27.03
Urban Assembly Maker Academy,6,"2017, 2018, 2019, 2020, 2022, 2023",Career Technical,High school,10038,Lower Manhattam,0.0,31.87,55.49,12.64,64.19,53.83
Urban Assembly New York Harbor School,6,"2017, 2018, 2019, 2020, 2022, 2023",Career Technical,High school,10004,Lower Manhattan,0.0,24.68,50.65,24.68,68.08,61.05
The Urban Assembly School for Media Studies (UAM),6,"2017, 2018, 2019, 2020, 2022, 2023",General Academic,High school,10023,Upper West Side,0.0,29.31,70.69,0.0,54.23,25.87
Urban Assembly School for the Performing Arts,6,"2017, 2018, 2019, 2020, 2022, 2023",General Academic,High school,10027,Central Harlem - Morningside Heights,0.0,100.0,0.0,0.0,57.2,24.2
Urban Assembly School of Business for Young Women,6,"2017, 2018, 2019, 2020, 2022, 2023",General Academic,High school,10004,Lower Manhattan,0.0,0.0,100.0,0.0,70.7,76.9
Urban Dove Team Charter School,6,"2017, 2018, 2019, 2020, 2022, 2023",Transfer School,High school,10456,High Bridge - Morrisania,0.0,76.67,23.33,0.0,45.99,6.67
Validus Preparatory Academy,6,"2017, 2018, 2019, 2020, 2022, 2023",General Academic,High school,10457,Crotona - Tremont,0.0,43.43,56.57,0.0,67.02,60.61
Veritas Academy,6,"2017, 2018, 2019, 2020, 2022, 2023",General Academic,High school,11354,Flushing - Clearview,18.52,0.0,81.48,0.0,68.21,62.94
Victory Collegiate High School,6,"2017, 2018, 2019, 2020, 2022, 2023",General Academic,High school,11236,Canarsie - Flatlands,0.0,78.69,11.48,9.84,60.91,44.23
Voyages Preperatory South Queens,6,"2017, 2018, 2019, 2020, 2022, 2023",Transfer School,High school,11434,Jamaica,0.0,70.97,29.03,0.0,60.39,25.81
Voyages Preperatory,6,"2017, 2018, 2019, 2020, 2022, 2023",Transfer School,High school,11373,West Queens,0.0,0.0,100.0,0.0,65.4,63.3
West Bronx Academy for the Future,6,"2017, 2018, 2019, 2020, 2022, 2023",General Academic,High school,10458,Fordham - Bronx Park,0.0,15.69,84.31,0.0,69.2,67.62
Westchester Square Academy,6,"2017, 2018, 2019, 2020, 2022, 2023",General Academic,High school,10461,Pelham - Throgs Neck,0.0,27.03,72.97,0.0,60.33,51.32
William E. Grady Career and Technical Education High School,6,"2017, 2018, 2019, 2020, 2022, 2023",Career Technical,High school,11235,Coney Island - Sheepshead Bay ,21.31,41.8,36.89,0.0,70.58,71.33
Williamsburg High School for Architecture and Design,6,"2017, 2018, 2019, 2020, 2022, 2023",Career Technical,High school,11211,Greenpoint,0.0,35.92,64.08,0.0,62.54,47.62
Wings Academy,6,"2017, 2018, 2019, 2020, 2022, 2023",General Academic,High school,10460,Crotona - Tremont,0.0,37.65,62.35,0.0,57.5,50.56
Women's Academy of Excellence,6,"2017, 2018, 2019, 2020, 2022, 2023",General Academic,High school,10473,Pelham - Throgs Neck,18.18,34.09,47.73,0.0,55.58,25.0
World Academy for Total Community Health High School,6,"2017, 2018, 2019, 2020, 2022, 2023",General Academic,High school,11207,East New York,0.0,100.0,0.0,0.0,65.8,48.4
World Journalism Preparatory: A College Board School,6,"2017, 2018, 2019, 2020, 2022, 2023",General Academic,High school,11358,Flushing - Clearview,19.77,0.0,50.0,30.23,70.11,65.09
World View High School,6,"2017, 2018, 2019, 2020, 2022, 2023",General Academic,High school,10468,Fordham - Bronx Park,6.06,15.15,76.06,2.73,62.78,52.42
York Early College Academy,6,"2017, 2018, 2019, 2020, 2022, 2023",General Academic,High school,11433,Jamaica,39.06,60.94,0.0,0.0,70.83,71.9
Young Women's Leadership School,6,"2017, 2018, 2019, 2020, 2022, 2023",General Academic,High school,10029,East Harlem,0.0,43.64,56.36,0.0,74.47,76.35
Young Women's Leadership School of Brooklyn,6,"2017, 2018, 2019, 2020, 2022, 2023",General Academic,High school,11206,Williamsburg - Bushwick,0.0,57.14,42.86,0.0,67.73,57.16
Young Women's Leadership School of the Bronx,6,"2017, 2018, 2019, 2020, 2022, 2023",General Academic,High school,10453,Crotona - Tremont,0.0,27.87,72.13,0.0,66.98,60.66
The Young Women's Leadership School Astoria,6,"2017, 2018, 2019, 2020, 2022, 2023",General Academic,High school,11102,Long Island City - Astoria,29.03,0.0,51.61,19.35,81.73,87.12
The Young Women's Leadership School of Queens,6,"2017, 2018, 2019, 2020, 2022, 2023",General Academic,High school,11432,Jamaica,52.73,34.55,12.73,0.0,80.35,89.12
Academy for Language and Technology,7,"2017, 2018, 2019, 2020, 2021, 2022, 2023",General Academic,High school,10453,Crotona - Tremont,0.0,0.0,100.0,0.0,68.9,69.4
Academy of Finance and Enterprise,7,"2017, 2018, 2019, 2020, 2021, 2022, 2023",General Academic,High school,11101,Long Island City - Astoria,24.37,4.2,59.66,11.76,78.69,89.07
Academy of Hospitality and Tourism,7,"2017, 2018, 2019, 2020, 2021, 2022, 2023",General Academic,High school,11226,East Flatbush - Flatbush,6.34,61.27,32.39,0.0,73.3,78.18
Alfred E. Smith Career and Technical Education Hig,7,"2017, 2018, 2019, 2020, 2021, 2022, 2023",Career Technical,High school,10451,High Bridge - Morrisania,0.0,30.0,70.0,0.0,55.1,23.52
Art and Design High School,7,"2017, 2018, 2019, 2020, 2021, 2022, 2023",Career Technical,High school,10022,Gramercy Park - Murray Hill,11.64,15.08,44.27,29.01,81.64,92.17
Aviation Career & Technical Education High School,7,"2017, 2018, 2019, 2020, 2021, 2022, 2023",Career Technical,High school,11101,Long Island City - Astoria,24.62,2.43,60.79,12.16,74.08,78.11
Benjamin Banneker Academy,7,"2017, 2018, 2019, 2020, 2021, 2022, 2023",General Academic,High school,11205,Downtown - Heights - Park Slope,3.61,73.9,20.08,2.41,73.56,87.17
Bronx Career and College Preparatory High School,7,"2017, 2018, 2019, 2020, 2021, 2022, 2023",General Academic,High school,10456,High Bridge - Morrisania,0.0,35.0,65.0,0.0,47.52,15.02
Bronx Center for Science and Mathematics,7,"2017, 2018, 2019, 2020, 2021, 2022, 2023",General Academic,High school,10456,High Bridge - Morrisania,0.0,34.04,65.96,0.0,62.56,48.95
Bronx Collegiate Academy,7,"2017, 2018, 2019, 2020, 2021, 2022, 2023",General Academic,High school,10457,Crotona - Tremont,0.0,27.82,72.18,0.0,62.1,53.26
Bronx Design and Construction Academy,7,"2017, 2018, 2019, 2020, 2021, 2022, 2023",Career Technical,High school,10451,High Bridge - Morrisania,0.0,30.77,69.23,0.0,57.32,37.17
Bronx Envision Academy,7,"2017, 2018, 2019, 2020, 2021, 2022, 2023",General Academic,High school,10460,Crotona - Tremont,0.0,40.83,59.17,0.0,70.43,68.32
Bronx Leadership Academy II High School,7,"2017, 2018, 2019, 2020, 2021, 2022, 2023",General Academic,High school,10451,High Bridge - Morrisania,0.0,35.38,64.62,0.0,59.63,43.82
Bronx Studio School for Writers and Artists,7,"2017, 2018, 2019, 2020, 2021, 2022, 2023",General Academic,High school,10459,Hunts Point - Mott Haven,0.0,18.71,81.29,0.0,61.48,46.04
Bronxdale High School,7,"2017, 2018, 2019, 2020, 2021, 2022, 2023",General Academic,High school,10469,Northeast Bronx,0.0,28.57,61.04,10.39,57.34,31.19
Brooklyn Collaborative Studies,7,"2017, 2018, 2019, 2020, 2021, 2022, 2023",General Academic,High school,11231,Downtown - Heights - Park Slope,0.0,0.0,0.0,100.0,75.6,92.9
Brooklyn Collegiate: A College Board School,7,"2017, 2018, 2019, 2020, 2021, 2022, 2023",General Academic,High school,11233,Bedford Stuyvesant - Crown Heights,0.0,76.7,23.3,0.0,61.68,41.72
Brooklyn Laboratory Charter School,7,"2017, 2018, 2019, 2020, 2021, 2022, 2023",General Academic,High school,11226,Downtown - Heights - Park Slope,0.0,100.0,0.0,0.0,55.0,37.5
Brooklyn Technical High School,7,"2017, 2018, 2019, 2020, 2021, 2022, 2023",General Academic,High school,11217,Downtown - Heights - Park Slope,62.6,9.45,0.0,27.95,86.49,99.62
Brooklyn Theatre Arts High School,7,"2017, 2018, 2019, 2020, 2021, 2022, 2023",General Academic,High school,11236,Canarsie - Flatlands,0.0,84.21,15.79,0.0,62.56,56.16
Central Park East High School,7,"2017, 2018, 2019, 2020, 2021, 2022, 2023",General Academic,High school,10029,East Harlem,23.7,21.48,54.81,0.0,80.91,94.06
Channel View School for Research,7,"2017, 2018, 2019, 2020, 2021, 2022, 2023",General Academic,High school,11694,Rockaway,5.57,43.24,42.97,8.22,64.8,57.02
Clara Barton High School,7,"2017, 2018, 2019, 2020, 2021, 2022, 2023",Career Technical,High school,11225,East Flatbush - Flatbush,0.0,86.1,8.97,4.93,54.09,28.72
Collegiate Institute for Math and Science,7,"2017, 2018, 2019, 2020, 2021, 2022, 2023",General Academic,High school,10469,Northeast Bronx,16.52,24.35,40.87,18.26,66.54,60.01
Curtis High School,7,"2017, 2018, 2019, 2020, 2021, 2022, 2023",General Academic,High school,10301,Stapleton - St. George,6.97,31.56,53.94,7.52,61.24,41.63
Cypress Hills Collegiate Preparatory School,7,"2017, 2018, 2019, 2020, 2021, 2022, 2023",General Academic,High school,11208,East New York,6.44,11.66,81.9,0.0,61.09,43.88
Democracy Preparatory Endurance Charter School,7,"2017, 2018, 2019, 2020, 2021, 2022, 2023",General Academic,High school,10459,Hunts Point - Mott Haven,0.0,71.43,28.57,0.0,64.11,57.13
Eagle Academy for Young Men,7,"2017, 2018, 2019, 2020, 2021, 2022, 2023",General Academic,High school,10457,Crotona - Tremont,0.0,57.47,42.53,0.0,65.6,57.49
Eagle Academy for Young Men II at Ocean Hill,7,"2017, 2018, 2019, 2020, 2021, 2022, 2023",General Academic,High school,11233,Bedford Stuyvesant - Crown Heights,0.0,100.0,0.0,0.0,70.7,78.4
East New York Family Academy,7,"2017, 2018, 2019, 2020, 2021, 2022, 2023",General Academic,High school,11207,East New York,2.95,63.1,33.95,0.0,65.4,59.8
Energy Tech High School,7,"2017, 2018, 2019, 2020, 2021, 2022, 2023",Career Technical,High school,11106,Long Island City - Astoria,15.15,0.0,70.56,14.29,64.65,55.8
Fordham High School for the Arts,7,"2017, 2018, 2019, 2020, 2021, 2022, 2023",General Academic,High school,10458,Fordham - Bronx Park,2.59,30.37,67.04,0.0,66.04,60.72
Fordham Leadership Academy,7,"2017, 2018, 2019, 2020, 2021, 2022, 2023",General Academic,High school,10458,Fordham - Bronx Park,0.0,23.81,76.19,0.0,58.85,39.3
Fort Hamilton High School,7,"2017, 2018, 2019, 2020, 2021, 2022, 2023",General Academic,High school,11209,Bensonhurst - Bay Ridge,28.17,3.31,31.97,36.55,78.7,84.4
Franklin Delano Roosevelt High School,7,"2017, 2018, 2019, 2020, 2021, 2022, 2023",General Academic,High school,11204,Borough Park,36.61,7.48,37.4,18.5,64.83,60.43
George Westinghouse Career and Technical Education,7,"2017, 2018, 2019, 2020, 2021, 2022, 2023",Career Technical,High school,11201,Downtown - Heights - Park Slope,4.72,63.68,28.3,3.3,65.62,63.7
Gregorio Luperon High School for Science and Mathematics,7,"2017, 2018, 2019, 2020, 2021, 2022, 2023",General Academic,High school,10032,Washington Heights - Inwood,0.0,0.0,100.0,0.0,63.1,58.8
High School for Community Leadership,7,"2017, 2018, 2019, 2020, 2021, 2022, 2023",General Academic,High school,11432,Jamaica,26.36,35.45,38.18,0.0,78.0,92.72
High School for Environmental Studies,7,"2017, 2018, 2019, 2020, 2021, 2022, 2023",General Academic,High school,10019,Chelsea - Clinton,0.0,15.57,68.26,16.17,66.88,58.09
High School of Computers and Technology,7,"2017, 2018, 2019, 2020, 2021, 2022, 2023",Career Technical,High school,10467,Fordham - Bronx Park,0.0,44.59,55.41,0.0,66.82,67.55
High School of World Cultures,7,"2017, 2018, 2019, 2020, 2021, 2022, 2023",General Academic,High school,10472,Pelham - Throgs Neck,0.0,5.77,94.23,0.0,64.57,61.5
James Madison High School,7,"2017, 2018, 2019, 2020, 2021, 2022, 2023",General Academic,High school,11229,Coney Island - Sheepshead Bay ,16.12,12.03,15.55,56.3,65.39,57.56
John Adams High School,7,"2017, 2018, 2019, 2020, 2021, 2022, 2023",General Academic,High school,11417,Southwest Queens,35.5,23.91,36.93,3.66,73.89,78.34
John Bowne High School,7,"2017, 2018, 2019, 2020, 2021, 2022, 2023",General Academic,High school,11367,Fresh Meadows,25.73,15.4,53.02,5.85,69.02,62.59
John Dewey High School,7,"2017, 2018, 2019, 2020, 2021, 2022, 2023",General Academic,High school,11223,Coney Island - Sheepshead Bay ,28.82,17.83,30.73,22.61,68.37,66.42
Kingsborough Early College School,7,"2017, 2018, 2019, 2020, 2021, 2022, 2023",General Academic,High school,11214,Bensonhurst - Bay Ridge,5.42,23.49,46.39,24.7,70.9,78.89
Long Island City High School,7,"2017, 2018, 2019, 2020, 2021, 2022, 2023",General Academic,High school,11106,Long Island City - Astoria,8.24,10.44,71.7,9.62,57.39,32.73
Metropolitan High School,7,"2017, 2018, 2019, 2020, 2021, 2022, 2023",General Academic,High school,10459,Hunts Point - Mott Haven,0.0,0.0,100.0,0.0,53.0,40.0
Middle College High School at LaGuardia Community College,7,"2017, 2018, 2019, 2020, 2021, 2022, 2023",General Academic,High school,11101,Long Island City - Astoria,10.78,0.0,80.24,8.98,83.69,94.02
Midwood High School,7,"2017, 2018, 2019, 2020, 2021, 2022, 2023",General Academic,High school,11210,East Flatbush - Flatbush,46.41,16.77,12.37,24.46,84.01,91.78
Morris Academy for Collaborative Studies,7,"2017, 2018, 2019, 2020, 2021, 2022, 2023",General Academic,High school,10456,High Bridge - Morrisania,0.0,0.0,100.0,0.0,67.7,73.6
Mott Hall V,7,"2017, 2018, 2019, 2020, 2021, 2022, 2023",General Academic,High school,10472,Pelham - Throgs Neck,7.79,16.23,75.97,0.0,73.36,70.74
Multicultural High School,7,"2017, 2018, 2019, 2020, 2021, 2022, 2023",General Academic,High school,11208,East New York,0.0,0.0,100.0,0.0,53.2,22.2
New Dawn Charter High School,7,"2017, 2018, 2019, 2020, 2021, 2022, 2023",Transfer School,High school,11216,Bedford Stuyvesant - Crown Heights,0.0,63.33,36.67,0.0,67.22,63.3
New Utrecht High School,7,"2017, 2018, 2019, 2020, 2021, 2022, 2023",General Academic,High school,11214,Bensonhurst - Bay Ridge,41.36,2.5,33.98,22.16,70.79,69.64
New World High School,7,"2017, 2018, 2019, 2020, 2021, 2022, 2023",General Academic,High school,10466,Northeast Bronx,6.02,16.54,70.68,6.77,61.35,50.37
Newcomers High School,7,"2017, 2018, 2019, 2020, 2021, 2022, 2023",General Academic,High school,11101,Long Island City - Astoria,3.58,0.0,92.39,4.03,52.03,16.42
Pan American International High School,7,"2017, 2018, 2019, 2020, 2021, 2022, 2023",General Academic,High school,11373,West Queens,0.0,0.0,100.0,0.0,50.1,38.9
Pathways in Technology Early College High School (P-Tech),7,"2017, 2018, 2019, 2020, 2021, 2022, 2023",Career Technical,High school,11213,Bedford Stuyvesant - Crown Heights,11.39,88.61,0.0,0.0,60.63,43.04
The David A. Stein Riverdale Kingsbridge Academy MS/HS 141,7,"2017, 2018, 2019, 2020, 2021, 2022, 2023",General Academic,High school,10463,Kingsbridge - Riverdale,4.98,10.32,61.92,22.78,67.58,58.37
Scholars' Academy,7,"2017, 2018, 2019, 2020, 2021, 2022, 2023",General Academic,High school,11694,Rockaway,0.0,24.56,35.09,40.35,90.25,97.38
"Science Skills Center High School for Science, Technology and the Creative Arts",7,"2017, 2018, 2019, 2020, 2021, 2022, 2023",General Academic,High school,11201,Downtown - Heights - Park Slope,10.64,70.21,19.15,0.0,72.09,82.99
"Science, Technology and Research Early College High School at Erasmus (STAR)",7,"2017, 2018, 2019, 2020, 2021, 2022, 2023",General Academic,High school,11226,East Flatbush - Flatbush,6.67,76.36,16.97,0.0,77.98,87.86
Stuyvesant High School,7,"2017, 2018, 2019, 2020, 2021, 2022, 2023",General Academic,High school,10282,Lower Manhattan,69.44,8.33,0.0,22.22,88.24,99.08
Sunset Park High School,7,"2017, 2018, 2019, 2020, 2021, 2022, 2023",General Academic,High school,11232,Sunset Park,10.21,5.29,79.02,5.48,59.11,38.4
Talent Unlimited High School,7,"2017, 2018, 2019, 2020, 2021, 2022, 2023",General Academic,High school,10065,Upper East Side,0.0,20.24,58.33,21.43,71.03,75.02
The High School of Fashion Industries,7,"2017, 2018, 2019, 2020, 2021, 2022, 2023",Career Technical,High school,10011,Chelsea - Clinton,3.31,29.52,62.6,4.58,78.31,89.79
The Urban Assembly School for Collaborative Health,7,"2017, 2018, 2019, 2020, 2021, 2022, 2023",Career Technical,High school,11208,East New York,8.0,29.0,63.0,0.0,61.65,42.96
Tottenville High School,7,"2017, 2018, 2019, 2020, 2021, 2022, 2023",General Academic,High school,10312,South Beach - Tottenville ,13.55,3.68,25.26,57.5,66.45,61.07
Union Square Academy for Health Sciences,7,"2017, 2018, 2019, 2020, 2021, 2022, 2023",Career Technical,High school,10003,Union Square - Lower East Side,11.61,21.43,66.96,0.0,62.29,54.47
Urban Assembly Gateway School for Technology,7,"2017, 2018, 2019, 2020, 2021, 2022, 2023",Career Technical,High school,10019,Chelsea - Clinton,14.47,26.32,59.21,0.0,70.76,65.82
Urban Assembly School for Applied Math and Science,7,"2017, 2018, 2019, 2020, 2021, 2022, 2023",General Academic,High school,10457,Crotona - Tremont,0.0,0.0,100.0,0.0,62.2,50.6
Urban Assembly School for Leadership and Empowerment,7,"2017, 2018, 2019, 2020, 2021, 2022, 2023",General Academic,High school,11219,Borough Park,54.21,0.0,21.5,24.3,70.42,66.36
Urban Assembly School of Design and Construction,7,"2017, 2018, 2019, 2020, 2021, 2022, 2023",General Academic,High school,10019,Chelsea - Clinton,0.0,39.47,60.53,0.0,56.76,34.21
Urban Assembly School of Music and Art,7,"2017, 2018, 2019, 2020, 2021, 2022, 2023",General Academic,High school,11201,Downtown - Heights - Park Slope,0.0,58.33,41.67,0.0,56.67,20.82
W. H. Maxwell Career and Technical Education High School,7,"2017, 2018, 2019, 2020, 2021, 2022, 2023",Career Technical,High school,11207,East New York,0.0,63.03,36.97,0.0,50.65,19.33
William Cullen Bryant High School,7,"2017, 2018, 2019, 2020, 2021, 2022, 2023",General Academic,High school,11103,Long Island City - Astoria,25.73,0.0,63.5,10.77,68.24,65.55
Williamsburg Charter High School,7,"2017, 2018, 2019, 2020, 2021, 2022, 2023",General Academic,High school,11206,Williamsburg - Bushwick,0.0,40.52,59.48,0.0,56.36,34.66
Williamsburg Preparatory School,7,"2017, 2018, 2019, 2020, 2021, 2022, 2023",General Academic,High school,11211,Greenpoint,6.42,20.18,73.39,0.0,76.93,77.99
