year,school_name_x,school_name_y,ptr
2019,47 THE AMERICAN SIGN LANGUAGE AND ENGLISH SECONDARY SCHOOL,"""47"" The American Sign Language and English Secondary School",8.6
2020,47 THE AMERICAN SIGN LANGUAGE AND ENGLISH SECONDARY SCHOOL,"""47"" The American Sign Language and English Secondary School",8.7
2022,47 THE AMERICAN SIGN LANGUAGE AND ENGLISH SECONDARY SCHOOL,"""47"" The American Sign Language and English Secondary School",8.8
2019,ABRAHAM LINCOLN HIGH SCHOOL,Abraham Lincoln High School,15.9
2020,ABRAHAM LINCOLN HIGH SCHOOL,Abraham Lincoln High School,15.5
2022,ABRAHAM LINCOLN HIGH SCHOOL,Abraham Lincoln High School,15.3
2019,ACADEMY FOR CAREERS IN TELEVISION AND FILM,Academy for Careers in Television and Film,16.0
2020,ACADEMY FOR CAREERS IN TELEVISION AND FILM,Academy for Careers in Television and Film,14.2
2022,ACADEMY FOR CAREERS IN TELEVISION AND FILM,Academy for Careers in Television and Film,14.5
2019,ACADEMY FOR CONSERVATION AND THE ENVIRONMENT,Academy for Conservation and the Environment,13.0
2020,ACADEMY FOR CONSERVATION AND THE ENVIRONMENT,Academy for Conservation and the Environment,12.2
2022,ACADEMY FOR CONSERVATION AND THE ENVIRONMENT,Academy for Conservation and the Environment,11.8
2019,ACADEMY FOR HEALTH CAREERS,Academy for Health Careers,10.8
2020,ACADEMY FOR HEALTH CAREERS,Academy for Health Careers,12.4
2022,ACADEMY FOR HEALTH CAREERS,Academy for Health Careers,12.9
2019,ACADEMY FOR LANGUAGE AND TECHNOLOGY,Academy for Language and Technology,12.9
2020,ACADEMY FOR LANGUAGE AND TECHNOLOGY,Academy for Language and Technology,12.7
2022,ACADEMY FOR LANGUAGE AND TECHNOLOGY,Academy for Language and Technology,13.6
2019,ACADEMY FOR SCHOLARSHIP AND ENTREPRENEURSHIP: A COLLEGE BOARD SCHOOL,Academy for Scholarship and Entrepreneurship: A College Board School,13.0
2020,ACADEMY FOR SCHOLARSHIP AND ENTREPRENEURSHIP: A COLLEGE BOARD SCHOOL,Academy for Scholarship and Entrepreneurship: A College Board School,14.0
2022,ACADEMY FOR SCHOLARSHIP AND ENTREPRENEURSHIP: A COLLEGE BOARD SCHOOL,Academy for Scholarship and Entrepreneurship: A College Board School,13.0
2019,ACADEMY FOR SOFTWARE ENGINEERING,Academy for Software Engineering,12.9
2020,ACADEMY FOR SOFTWARE ENGINEERING,Academy for Software Engineering,11.9
2022,ACADEMY FOR SOFTWARE ENGINEERING,Academy for Software Engineering,12.0
2019,ACADEMY FOR YOUNG WRITERS,Academy for Young Writers,11.7
2020,ACADEMY FOR YOUNG WRITERS,Academy for Young Writers,10.9
2022,ACADEMY FOR YOUNG WRITERS,Academy for Young Writers,11.1
2019,ACADEMY OF AMERICAN STUDIES,Academy of American Studies,21.6
2020,ACADEMY OF AMERICAN STUDIES,Academy of American Studies,22.0
2022,ACADEMY OF AMERICAN STUDIES,Academy of American Studies,22.6
2019,ACADEMY OF FINANCE AND ENTERPRISE,Academy of Finance and Enterprise,19.2
2020,ACADEMY OF FINANCE AND ENTERPRISE,Academy of Finance and Enterprise,19.0
2022,ACADEMY OF FINANCE AND ENTERPRISE,Academy of Finance and Enterprise,19.0
2019,ACADEMY OF HOSPITALITY AND TOURISM,Academy of Hospitality and Tourism,11.9
2020,ACADEMY OF HOSPITALITY AND TOURISM,Academy of Hospitality and Tourism,13.1
2022,ACADEMY OF HOSPITALITY AND TOURISM,Academy of Hospitality and Tourism,12.6
2019,ACADEMY OF INNOVATIVE TECHNOLOGY,Academy of Innovative Technology,12.7
2020,ACADEMY OF INNOVATIVE TECHNOLOGY,Academy of Innovative Technology,13.1
2022,ACADEMY OF INNOVATIVE TECHNOLOGY,Academy of Innovative Technology,13.0
2019,ACADEMY OF MEDICAL TECHNOLOGY: A COLLEGE BOARD SCHOOL,Academy of Medical Technology: A College Board Sch,12.8
2020,ACADEMY OF MEDICAL TECHNOLOGY: A COLLEGE BOARD SCHOOL,Academy of Medical Technology: A College Board Sch,13.5
2022,ACADEMY OF MEDICAL TECHNOLOGY: A COLLEGE BOARD SCHOOL,Academy of Medical Technology: A College Board Sch,13.2
2019,ACADEMY OF URBAN PLANNING,The Academy of Urban Planning and Engineering,10.7
2020,ACADEMY OF URBAN PLANNING,The Academy of Urban Planning and Engineering,12.2
2022,ACADEMY OF URBAN PLANNING,The Academy of Urban Planning and Engineering,12.0
2019,ANTONIA PANTOJA PREPARATORY ACADEMY: A COLLEGE BOARD SCHOOL,Antonia Pantoja Preparatory Academy: A College Boa,13.0
2020,ANTONIA PANTOJA PREPARATORY ACADEMY: A COLLEGE BOARD SCHOOL,Antonia Pantoja Preparatory Academy: A College Boa,13.1
2022,ANTONIA PANTOJA PREPARATORY ACADEMY: A COLLEGE BOARD SCHOOL,Antonia Pantoja Preparatory Academy: A College Boa,13.0
2019,"ARCHIMEDES ACADEMY FOR MATH, SCIENCE AND TECHNOLOGY APPLICATIONS","Archimedes Academy for Math, Science and Technolog",14.0
2020,"ARCHIMEDES ACADEMY FOR MATH, SCIENCE AND TECHNOLOGY APPLICATIONS","Archimedes Academy for Math, Science and Technolog",13.6
2022,"ARCHIMEDES ACADEMY FOR MATH, SCIENCE AND TECHNOLOGY APPLICATIONS","Archimedes Academy for Math, Science and Technolog",13.7
2019,ART AND DESIGN HIGH SCHOOL,Art and Design High School,15.7
2020,ART AND DESIGN HIGH SCHOOL,Art and Design High School,15.7
2022,ART AND DESIGN HIGH SCHOOL,Art and Design High School,15.8
2019,ASPIRATIONS DIPLOMA PLUS HIGH SCHOOL,Aspirations Diploma Plus High School,8.4
2020,ASPIRATIONS DIPLOMA PLUS HIGH SCHOOL,Aspirations Diploma Plus High School,9.8
2022,ASPIRATIONS DIPLOMA PLUS HIGH SCHOOL,Aspirations Diploma Plus High School,9.1
2019,ASTOR COLLEGIATE ACADEMY,Astor Collegiate Academy,15.8
2020,ASTOR COLLEGIATE ACADEMY,Astor Collegiate Academy,14.4
2022,ASTOR COLLEGIATE ACADEMY,Astor Collegiate Academy,14.1
2019,AUGUST MARTIN HIGH SCHOOL,August Martin High School,10.3
2020,AUGUST MARTIN HIGH SCHOOL,August Martin High School,12.7
2022,AUGUST MARTIN HIGH SCHOOL,August Martin High School,13.1
2019,AVIATION CAREER & TECHNICAL EDUCATION HIGH SCHOOL,Aviation Career & Technical Education High School,16.0
2020,AVIATION CAREER & TECHNICAL EDUCATION HIGH SCHOOL,Aviation Career & Technical Education High School,15.5
2022,AVIATION CAREER & TECHNICAL EDUCATION HIGH SCHOOL,Aviation Career & Technical Education High School,15.6
2019,BARUCH COLLEGE CAMPUS HIGH SCHOOL,Baruch College Campus High School,18.0
2020,BARUCH COLLEGE CAMPUS HIGH SCHOOL,Baruch College Campus High School,18.7
2022,BARUCH COLLEGE CAMPUS HIGH SCHOOL,Baruch College Campus High School,18.7
2019,BAYSIDE HIGH SCHOOL,Bayside High School,17.4
2020,BAYSIDE HIGH SCHOOL,Bayside High School,18.3
2022,BAYSIDE HIGH SCHOOL,Bayside High School,18.1
2019,BEDFORD ACADEMY HIGH SCHOOL,Bedford Academy High School,17.0
2020,BEDFORD ACADEMY HIGH SCHOOL,Bedford Academy High School,17.8
2022,BEDFORD ACADEMY HIGH SCHOOL,Bedford Academy High School,17.7
2019,BELMONT PREPARATORY HIGH SCHOOL,Belmont Preparatory High School,13.5
2020,BELMONT PREPARATORY HIGH SCHOOL,Belmont Preparatory High School,13.4
2022,BELMONT PREPARATORY HIGH SCHOOL,Belmont Preparatory High School,13.2
2019,BENJAMIN BANNEKER ACADEMY,Benjamin Banneker Academy,16.8
2020,BENJAMIN BANNEKER ACADEMY,Benjamin Banneker Academy,17.2
2022,BENJAMIN BANNEKER ACADEMY,Benjamin Banneker Academy,17.2
2019,BENJAMIN FRANKLIN HIGH SCHOOL FOR FINANCE & INFORMATION TECHNOLOGY,Benjamin Franklin High School for Finance & Inform,12.6
2020,BENJAMIN FRANKLIN HIGH SCHOOL FOR FINANCE & INFORMATION TECHNOLOGY,Benjamin Franklin High School for Finance & Inform,14.2
2022,BENJAMIN FRANKLIN HIGH SCHOOL FOR FINANCE & INFORMATION TECHNOLOGY,Benjamin Franklin High School for Finance & Inform,14.1
2019,BOYS AND GIRLS HIGH SCHOOL,Boys and Girls High School,11.2
2020,BOYS AND GIRLS HIGH SCHOOL,Boys and Girls High School,11.2
2022,BOYS AND GIRLS HIGH SCHOOL,Boys and Girls High School,11.0
2019,BRONX ACADEMY FOR SOFTWARE ENGINEERING (BASE),Bronx Academy for Software Engineering (BASE),10.4
2020,BRONX ACADEMY FOR SOFTWARE ENGINEERING (BASE),Bronx Academy for Software Engineering (BASE),10.8
2022,BRONX ACADEMY FOR SOFTWARE ENGINEERING (BASE),Bronx Academy for Software Engineering (BASE),10.2
2019,BRONX ACADEMY OF HEALTH CAREERS,Bronx Academy of Health Careers,13.0
2020,BRONX ACADEMY OF HEALTH CAREERS,Bronx Academy of Health Careers,14.1
2022,BRONX ACADEMY OF HEALTH CAREERS,Bronx Academy of Health Careers,13.9
2019,BRONX AEROSPACE HIGH SCHOOL,Bronx Aerospace High School,12.6
2020,BRONX AEROSPACE HIGH SCHOOL,Bronx Aerospace High School,11.3
2022,BRONX AEROSPACE HIGH SCHOOL,Bronx Aerospace High School,10.9
2019,BRONX ARENA HIGH SCHOOL,Bronx Arena High School,9.8
2020,BRONX ARENA HIGH SCHOOL,Bronx Arena High School,10.8
2022,BRONX ARENA HIGH SCHOOL,Bronx Arena High School,10.3
2019,BRONX BRIDGES HIGH SCHOOL,Bronx Bridges High School,11.3
2020,BRONX BRIDGES HIGH SCHOOL,Bronx Bridges High School,10.7
2022,BRONX BRIDGES HIGH SCHOOL,Bronx Bridges High School,10.6
2019,BRONX CAREER AND COLLEGE PREPARATORY HIGH SCHOOL,Bronx Career and College Preparatory High School,12.2
2020,BRONX CAREER AND COLLEGE PREPARATORY HIGH SCHOOL,Bronx Career and College Preparatory High School,11.9
2022,BRONX CAREER AND COLLEGE PREPARATORY HIGH SCHOOL,Bronx Career and College Preparatory High School,11.2
2019,BRONX CENTER FOR SCIENCE AND MATHEMATICS,Bronx Center for Science and Mathematics,14.6
2020,BRONX CENTER FOR SCIENCE AND MATHEMATICS,Bronx Center for Science and Mathematics,14.5
2022,BRONX CENTER FOR SCIENCE AND MATHEMATICS,Bronx Center for Science and Mathematics,14.6
2019,BRONX COLLABORATIVE HIGH SCHOOL,Bronx Collaborative High School,12.0
2020,BRONX COLLABORATIVE HIGH SCHOOL,Bronx Collaborative High School,11.9
2022,BRONX COLLABORATIVE HIGH SCHOOL,Bronx Collaborative High School,11.6
2019,BRONX COLLEGIATE ACADEMY,Bronx Collegiate Academy,13.5
2020,BRONX COLLEGIATE ACADEMY,Bronx Collegiate Academy,13.1
2022,BRONX COLLEGIATE ACADEMY,Bronx Collegiate Academy,13.5
2019,BRONX COMPASS HIGH SCHOOL,Bronx Compass High School,11.0
2020,BRONX COMPASS HIGH SCHOOL,Bronx Compass High School,12.3
2022,BRONX COMPASS HIGH SCHOOL,Bronx Compass High School,12.5
2019,BRONX DESIGN AND CONSTRUCTION ACADEMY,Bronx Design and Construction Academy,9.8
2020,BRONX DESIGN AND CONSTRUCTION ACADEMY,Bronx Design and Construction Academy,8.9
2022,BRONX DESIGN AND CONSTRUCTION ACADEMY,Bronx Design and Construction Academy,9.0
2019,BRONX ENGINEERING AND TECHNOLOGY ACADEMY,Bronx Engineering and Technology Academy,13.3
2020,BRONX ENGINEERING AND TECHNOLOGY ACADEMY,Bronx Engineering and Technology Academy,12.2
2022,BRONX ENGINEERING AND TECHNOLOGY ACADEMY,Bronx Engineering and Technology Academy,12.1
2019,BRONX ENVISION ACADEMY,Bronx Envision Academy,12.0
2020,BRONX ENVISION ACADEMY,Bronx Envision Academy,10.8
2022,BRONX ENVISION ACADEMY,Bronx Envision Academy,11.5
2019,BRONX HAVEN HIGH SCHOOL,Bronx Haven High School,9.6
2020,BRONX HAVEN HIGH SCHOOL,Bronx Haven High School,10.7
2022,BRONX HAVEN HIGH SCHOOL,Bronx Haven High School,10.0
2019,BRONX HEALTH SCIENCES HIGH SCHOOL,Bronx Health Sciences High School,14.3
2020,BRONX HEALTH SCIENCES HIGH SCHOOL,Bronx Health Sciences High School,15.6
2022,BRONX HEALTH SCIENCES HIGH SCHOOL,Bronx Health Sciences High School,15.9
2019,BRONX HIGH SCHOOL FOR LAW AND COMMUNITY SERVICE,Bronx High School for Law and Community Service,13.0
2020,BRONX HIGH SCHOOL FOR LAW AND COMMUNITY SERVICE,Bronx High School for Law and Community Service,12.7
2022,BRONX HIGH SCHOOL FOR LAW AND COMMUNITY SERVICE,Bronx High School for Law and Community Service,12.3
2019,BRONX HIGH SCHOOL FOR THE VISUAL ARTS,Bronx High School for the Visual Arts,14.4
2020,BRONX HIGH SCHOOL FOR THE VISUAL ARTS,Bronx High School for the Visual Arts,13.6
2022,BRONX HIGH SCHOOL FOR THE VISUAL ARTS,Bronx High School for the Visual Arts,14.4
2019,BRONX HIGH SCHOOL FOR WRITING AND COMMUNICATION ARTS,Bronx High School for Writing and Communication Arts,13.7
2020,BRONX HIGH SCHOOL FOR WRITING AND COMMUNICATION ARTS,Bronx High School for Writing and Communication Arts,13.0
2022,BRONX HIGH SCHOOL FOR WRITING AND COMMUNICATION ARTS,Bronx High School for Writing and Communication Arts,13.2
2019,BRONX HIGH SCHOOL OF BUSINESS,Bronx High School of Business,9.3
2020,BRONX HIGH SCHOOL OF BUSINESS,Bronx High School of Business,10.4
2022,BRONX HIGH SCHOOL OF BUSINESS,Bronx High School of Business,9.9
2019,BRONX INTERNATIONAL HIGH SCHOOL,Bronx International High School,12.7
2020,BRONX INTERNATIONAL HIGH SCHOOL,Bronx International High School,11.9
2022,BRONX INTERNATIONAL HIGH SCHOOL,Bronx International High School,11.9
2019,BRONX LATIN,Bronx Latin,12.1
2020,BRONX LATIN,Bronx Latin,11.5
2022,BRONX LATIN,Bronx Latin,11.6
2019,BRONX LEADERSHIP ACADEMY HIGH SCHOOL,Bronx Leadership Academy High School,13.0
2020,BRONX LEADERSHIP ACADEMY HIGH SCHOOL,Bronx Leadership Academy High School,11.7
2022,BRONX LEADERSHIP ACADEMY HIGH SCHOOL,Bronx Leadership Academy High School,11.5
2019,BRONX LEADERSHIP ACADEMY II HIGH SCHOOL,Bronx Leadership Academy II High School,12.2
2020,BRONX LEADERSHIP ACADEMY II HIGH SCHOOL,Bronx Leadership Academy II High School,11.7
2022,BRONX LEADERSHIP ACADEMY II HIGH SCHOOL,Bronx Leadership Academy II High School,11.7
2019,BRONX REGIONAL HIGH SCHOOL,Bronx Regional High School,12.9
2020,BRONX REGIONAL HIGH SCHOOL,Bronx Regional High School,14.3
2022,BRONX REGIONAL HIGH SCHOOL,Bronx Regional High School,13.9
2019,BRONX RIVER HIGH SCHOOL,Bronx River High School,11.5
2020,BRONX RIVER HIGH SCHOOL,Bronx River High School,12.9
2022,BRONX RIVER HIGH SCHOOL,Bronx River High School,12.8
2019,"BRONX SCHOOL FOR LAW, GOVERNMENT AND JUSTICE","Bronx School for Law, Government and Justice",12.8
2020,"BRONX SCHOOL FOR LAW, GOVERNMENT AND JUSTICE","Bronx School for Law, Government and Justice",12.4
2022,"BRONX SCHOOL FOR LAW, GOVERNMENT AND JUSTICE","Bronx School for Law, Government and Justice",12.2
2019,BRONX SCHOOL OF LAW AND FINANCE,Bronx School of Law and Finance,14.0
2020,BRONX SCHOOL OF LAW AND FINANCE,Bronx School of Law and Finance,15.5
2022,BRONX SCHOOL OF LAW AND FINANCE,Bronx School of Law and Finance,15.0
2019,BRONX STUDIO SCHOOL FOR WRITERS AND ARTISTS,Bronx Studio School for Writers and Artists,12.1
2020,BRONX STUDIO SCHOOL FOR WRITERS AND ARTISTS,Bronx Studio School for Writers and Artists,11.6
2022,BRONX STUDIO SCHOOL FOR WRITERS AND ARTISTS,Bronx Studio School for Writers and Artists,11.8
2019,BRONX THEATRE HIGH SCHOOL,Bronx Theatre High School,14.1
2020,BRONX THEATRE HIGH SCHOOL,Bronx Theatre High School,15.2
2022,BRONX THEATRE HIGH SCHOOL,Bronx Theatre High School,15.0
2019,BRONXDALE HIGH SCHOOL,Bronxdale High School,10.8
2020,BRONXDALE HIGH SCHOOL,Bronxdale High School,10.4
2022,BRONXDALE HIGH SCHOOL,Bronxdale High School,10.2
2019,BROOKLYN ACADEMY OF SCIENCE AND THE ENVIRONMENT,Brooklyn Academy of Science and the Environment,17.3
2020,BROOKLYN ACADEMY OF SCIENCE AND THE ENVIRONMENT,Brooklyn Academy of Science and the Environment,15.9
2022,BROOKLYN ACADEMY OF SCIENCE AND THE ENVIRONMENT,Brooklyn Academy of Science and the Environment,16.3
2019,BROOKLYN COLLEGIATE: A COLLEGE BOARD SCHOOL,Brooklyn Collegiate: A College Board School,10.7
2020,BROOKLYN COLLEGIATE: A COLLEGE BOARD SCHOOL,Brooklyn Collegiate: A College Board School,13.7
2022,BROOKLYN COLLEGIATE: A COLLEGE BOARD SCHOOL,Brooklyn Collegiate: A College Board School,14.5
2019,BROOKLYN DEMOCRACY ACADEMY,Brooklyn Democracy Academy,13.7
2020,BROOKLYN DEMOCRACY ACADEMY,Brooklyn Democracy Academy,12.2
2022,BROOKLYN DEMOCRACY ACADEMY,Brooklyn Democracy Academy,11.8
2019,BROOKLYN FRONTIERS HIGH SCHOOL,Brooklyn Frontiers High School,7.3
2020,BROOKLYN FRONTIERS HIGH SCHOOL,Brooklyn Frontiers High School,7.7
2022,BROOKLYN FRONTIERS HIGH SCHOOL,Brooklyn Frontiers High School,7.8
2019,BROOKLYN HIGH SCHOOL FOR LAW AND TECHNOLOGY,Brooklyn High School for Law and Technology,15.5
2020,BROOKLYN HIGH SCHOOL FOR LAW AND TECHNOLOGY,Brooklyn High School for Law and Technology,14.6
2022,BROOKLYN HIGH SCHOOL FOR LAW AND TECHNOLOGY,Brooklyn High School for Law and Technology,14.6
2019,BROOKLYN HIGH SCHOOL FOR LEADERSHIP AND COMMUNITY SERVICE,Brooklyn High School for Leadership and Community,11.8
2020,BROOKLYN HIGH SCHOOL FOR LEADERSHIP AND COMMUNITY SERVICE,Brooklyn High School for Leadership and Community,9.6
2022,BROOKLYN HIGH SCHOOL FOR LEADERSHIP AND COMMUNITY SERVICE,Brooklyn High School for Leadership and Community,8.1
2019,BROOKLYN HIGH SCHOOL OF THE ARTS,Brooklyn High School of the Arts,14.5
2020,BROOKLYN HIGH SCHOOL OF THE ARTS,Brooklyn High School of the Arts,14.2
2022,BROOKLYN HIGH SCHOOL OF THE ARTS,Brooklyn High School of the Arts,14.3
2019,BROOKLYN INSTITUTE FOR LIBERAL ARTS,Brooklyn Institute for Liberal Arts,15.1
2020,BROOKLYN INSTITUTE FOR LIBERAL ARTS,Brooklyn Institute for Liberal Arts,14.3
2022,BROOKLYN INSTITUTE FOR LIBERAL ARTS,Brooklyn Institute for Liberal Arts,14.1
2019,BROOKLYN LAB SCHOOL,Brooklyn Lab School,13.2
2020,BROOKLYN LAB SCHOOL,Brooklyn Lab School,12.2
2022,BROOKLYN LAB SCHOOL,Brooklyn Lab School,11.9
2019,BROOKLYN PREPARATORY HIGH SCHOOL,Brooklyn Preparatory High School,15.1
2020,BROOKLYN PREPARATORY HIGH SCHOOL,Brooklyn Preparatory High School,15.2
2022,BROOKLYN PREPARATORY HIGH SCHOOL,Brooklyn Preparatory High School,15.3
2019,BROOKLYN SCHOOL FOR MUSIC & THEATRE,Brooklyn School for Music & Theatre,13.4
2020,BROOKLYN SCHOOL FOR MUSIC & THEATRE,Brooklyn School for Music & Theatre,12.6
2022,BROOKLYN SCHOOL FOR MUSIC & THEATRE,Brooklyn School for Music & Theatre,12.8
2019,BROOKLYN TECHNICAL HIGH SCHOOL,Brooklyn Technical High School,21.8
2020,BROOKLYN TECHNICAL HIGH SCHOOL,Brooklyn Technical High School,21.5
2022,BROOKLYN TECHNICAL HIGH SCHOOL,Brooklyn Technical High School,21.5
2019,BROOKLYN THEATRE ARTS HIGH SCHOOL,Brooklyn Theatre Arts High School,18.4
2020,BROOKLYN THEATRE ARTS HIGH SCHOOL,Brooklyn Theatre Arts High School,16.4
2022,BROOKLYN THEATRE ARTS HIGH SCHOOL,Brooklyn Theatre Arts High School,15.8
2019,BROWNSVILLE ACADEMY HIGH SCHOOL,Brownsville Academy High School,14.0
2020,BROWNSVILLE ACADEMY HIGH SCHOOL,Brownsville Academy High School,11.6
2022,BROWNSVILLE ACADEMY HIGH SCHOOL,Brownsville Academy High School,11.3
2019,BUSHWICK COMMUNITY HIGH SCHOOL,Bushwick Community High School,11.0
2020,BUSHWICK COMMUNITY HIGH SCHOOL,Bushwick Community High School,12.4
2022,BUSHWICK COMMUNITY HIGH SCHOOL,Bushwick Community High School,11.7
2019,BUSHWICK LEADERS HIGH SCHOOL FOR ACADEMIC EXCELLENCE,Bushwick Leaders High School for Academic Excellen,10.4
2020,BUSHWICK LEADERS HIGH SCHOOL FOR ACADEMIC EXCELLENCE,Bushwick Leaders High School for Academic Excellen,11.5
2022,BUSHWICK LEADERS HIGH SCHOOL FOR ACADEMIC EXCELLENCE,Bushwick Leaders High School for Academic Excellen,11.3
2019,BUSINESS OF SPORTS SCHOOL,Business Of Sports School,11.8
2020,BUSINESS OF SPORTS SCHOOL,Business Of Sports School,12.4
2022,BUSINESS OF SPORTS SCHOOL,Business Of Sports School,12.4
2019,BUSINESS TECHNOLOGY EARLY COLLEGE HIGH SCHOOL,Business Technology Early College High School,16.5
2020,BUSINESS TECHNOLOGY EARLY COLLEGE HIGH SCHOOL,Business Technology Early College High School,15.2
2022,BUSINESS TECHNOLOGY EARLY COLLEGE HIGH SCHOOL,Business Technology Early College High School,15.1
2019,CAMBRIA HEIGHTS ACADEMY,Cambria Heights Academy,13.4
2020,CAMBRIA HEIGHTS ACADEMY,Cambria Heights Academy,13.0
2022,CAMBRIA HEIGHTS ACADEMY,Cambria Heights Academy,13.0
2019,CASCADES HIGH SCHOOL,Cascades High School,12.2
2020,CASCADES HIGH SCHOOL,Cascades High School,13.1
2022,CASCADES HIGH SCHOOL,Cascades High School,12.0
2019,CENTRAL PARK EAST HIGH SCHOOL,Central Park East High School,15.7
2020,CENTRAL PARK EAST HIGH SCHOOL,Central Park East High School,16.2
2022,CENTRAL PARK EAST HIGH SCHOOL,Central Park East High School,15.9
2019,CHANNEL VIEW SCHOOL FOR RESEARCH,Channel View School for Research,13.9
2020,CHANNEL VIEW SCHOOL FOR RESEARCH,Channel View School for Research,14.0
2022,CHANNEL VIEW SCHOOL FOR RESEARCH,Channel View School for Research,14.3
2019,CHELSEA CAREER AND TECHNICAL EDUCATION HIGH SCHOOL,Chelsea Career and Technical Education High School,13.3
2020,CHELSEA CAREER AND TECHNICAL EDUCATION HIGH SCHOOL,Chelsea Career and Technical Education High School,12.9
2022,CHELSEA CAREER AND TECHNICAL EDUCATION HIGH SCHOOL,Chelsea Career and Technical Education High School,12.7
2019,CITY COLLEGE ACADEMY OF THE ARTS,City College Academy of the Arts,15.8
2020,CITY COLLEGE ACADEMY OF THE ARTS,City College Academy of the Arts,15.7
2022,CITY COLLEGE ACADEMY OF THE ARTS,City College Academy of the Arts,15.9
2019,"CITY POLYTECHNIC HIGH SCHOOL OF ENGINEERING, ARCHITECTURE, AND TECHNOLOGY","City Polytechnic High School of Engineering, Architecture, and Technology",14.8
2020,"CITY POLYTECHNIC HIGH SCHOOL OF ENGINEERING, ARCHITECTURE, AND TECHNOLOGY","City Polytechnic High School of Engineering, Architecture, and Technology",14.8
2022,"CITY POLYTECHNIC HIGH SCHOOL OF ENGINEERING, ARCHITECTURE, AND TECHNOLOGY","City Polytechnic High School of Engineering, Architecture, and Technology",15.0
2019,CIVIC LEADERSHIP ACADEMY,Civic Leadership Academy,16.9
2020,CIVIC LEADERSHIP ACADEMY,Civic Leadership Academy,16.5
2022,CIVIC LEADERSHIP ACADEMY,Civic Leadership Academy,16.9
2019,CLARA BARTON HIGH SCHOOL,Clara Barton High School,15.5
2020,CLARA BARTON HIGH SCHOOL,Clara Barton High School,16.8
2022,CLARA BARTON HIGH SCHOOL,Clara Barton High School,16.3
2019,COBBLE HILL SCHOOL OF AMERICAN STUDIES,Cobble Hill School of American Studies,13.7
2020,COBBLE HILL SCHOOL OF AMERICAN STUDIES,Cobble Hill School of American Studies,13.2
2022,COBBLE HILL SCHOOL OF AMERICAN STUDIES,Cobble Hill School of American Studies,12.8
2019,COLLEGIATE INSTITUTE FOR MATH AND SCIENCE,Collegiate Institute for Math and Science,17.5
2020,COLLEGIATE INSTITUTE FOR MATH AND SCIENCE,Collegiate Institute for Math and Science,17.1
2022,COLLEGIATE INSTITUTE FOR MATH AND SCIENCE,Collegiate Institute for Math and Science,16.7
2019,COMMUNITY HEALTH ACADEMY OF THE HEIGHTS,Community Health Academy of the Heights,13.6
2020,COMMUNITY HEALTH ACADEMY OF THE HEIGHTS,Community Health Academy of the Heights,12.9
2022,COMMUNITY HEALTH ACADEMY OF THE HEIGHTS,Community Health Academy of the Heights,13.1
2019,COMMUNITY SCHOOL FOR SOCIAL JUSTICE,Community School for Social Justice,12.8
2020,COMMUNITY SCHOOL FOR SOCIAL JUSTICE,Community School for Social Justice,12.2
2022,COMMUNITY SCHOOL FOR SOCIAL JUSTICE,Community School for Social Justice,12.5
2019,COMPREHENSIVE MODEL SCHOOL PROJECT MS 327,Comprehensive Model School Project M.S. 327,14.1
2020,COMPREHENSIVE MODEL SCHOOL PROJECT MS 327,Comprehensive Model School Project M.S. 327,13.2
2022,COMPREHENSIVE MODEL SCHOOL PROJECT MS 327,Comprehensive Model School Project M.S. 327,13.0
2019,CONCORD HIGH SCHOOL,Concord High School,11.3
2020,CONCORD HIGH SCHOOL,Concord High School,12.3
2022,CONCORD HIGH SCHOOL,Concord High School,10.8
2019,CROTONA INTERNATIONAL HIGH SCHOOL,Crotona International High School,12.3
2020,CROTONA INTERNATIONAL HIGH SCHOOL,Crotona International High School,13.3
2022,CROTONA INTERNATIONAL HIGH SCHOOL,Crotona International High School,13.2
2019,CSI HIGH SCHOOL FOR INTERNATIONAL STUDIES,CSI High School for International Studies,17.4
2020,CSI HIGH SCHOOL FOR INTERNATIONAL STUDIES,CSI High School for International Studies,17.3
2022,CSI HIGH SCHOOL FOR INTERNATIONAL STUDIES,CSI High School for International Studies,17.4
2019,CULTURAL ACADEMY FOR THE ARTS AND SCIENCES,Cultural Academy for the Arts and Sciences,12.2
2020,CULTURAL ACADEMY FOR THE ARTS AND SCIENCES,Cultural Academy for the Arts and Sciences,12.4
2022,CULTURAL ACADEMY FOR THE ARTS AND SCIENCES,Cultural Academy for the Arts and Sciences,11.9
2019,CURTIS HIGH SCHOOL,Curtis High School,16.7
2020,CURTIS HIGH SCHOOL,Curtis High School,16.4
2022,CURTIS HIGH SCHOOL,Curtis High School,16.3
2019,CYPRESS HILLS COLLEGIATE PREPARATORY SCHOOL,Cypress Hills Collegiate Preparatory School,14.9
2020,CYPRESS HILLS COLLEGIATE PREPARATORY SCHOOL,Cypress Hills Collegiate Preparatory School,14.7
2022,CYPRESS HILLS COLLEGIATE PREPARATORY SCHOOL,Cypress Hills Collegiate Preparatory School,14.3
2019,DEWITT CLINTON HIGH SCHOOL,DeWitt Clinton High School,13.3
2020,DEWITT CLINTON HIGH SCHOOL,DeWitt Clinton High School,11.8
2022,DEWITT CLINTON HIGH SCHOOL,DeWitt Clinton High School,11.7
2019,DREAMYARD PREPARATORY SCHOOL,DreamYard Preparatory School,10.5
2020,DREAMYARD PREPARATORY SCHOOL,DreamYard Preparatory School,11.9
2022,DREAMYARD PREPARATORY SCHOOL,DreamYard Preparatory School,11.9
2019,EAGLE ACADEMY FOR YOUNG MEN,Eagle Academy for Young Men,15.0
2020,EAGLE ACADEMY FOR YOUNG MEN,Eagle Academy for Young Men,13.8
2022,EAGLE ACADEMY FOR YOUNG MEN,Eagle Academy for Young Men,13.6
2019,EAGLE ACADEMY FOR YOUNG MEN II,Eagle Academy for Young Men,15.3
2020,EAGLE ACADEMY FOR YOUNG MEN II,Eagle Academy for Young Men,13.7
2022,EAGLE ACADEMY FOR YOUNG MEN II,Eagle Academy for Young Men,13.9
2019,EAGLE ACADEMY FOR YOUNG MEN III,Eagle Academy for Young Men,14.1
2020,EAGLE ACADEMY FOR YOUNG MEN III,Eagle Academy for Young Men,13.4
2022,EAGLE ACADEMY FOR YOUNG MEN III,Eagle Academy for Young Men,13.4
2019,EAGLE ACADEMY FOR YOUNG MEN OF HARLEM,Eagle Academy for Young Men of Harlem,10.5
2020,EAGLE ACADEMY FOR YOUNG MEN OF HARLEM,Eagle Academy for Young Men of Harlem,10.2
2022,EAGLE ACADEMY FOR YOUNG MEN OF HARLEM,Eagle Academy for Young Men of Harlem,10.2
2019,EAST BRONX ACADEMY FOR THE FUTURE,East Bronx Academy for the Future,10.5
2020,EAST BRONX ACADEMY FOR THE FUTURE,East Bronx Academy for the Future,10.4
2022,EAST BRONX ACADEMY FOR THE FUTURE,East Bronx Academy for the Future,10.5
2019,EAST NEW YORK FAMILY ACADEMY,East New York Family Academy,13.2
2020,EAST NEW YORK FAMILY ACADEMY,East New York Family Academy,13.2
2022,EAST NEW YORK FAMILY ACADEMY,East New York Family Academy,13.0
2019,EAST SIDE COMMUNITY SCHOOL,East Side Community School,13.8
2020,EAST SIDE COMMUNITY SCHOOL,East Side Community School,13.5
2022,EAST SIDE COMMUNITY SCHOOL,East Side Community School,13.7
2019,EAST-WEST SCHOOL OF INTERNATIONAL STUDIES,East-West School of International Studies,10.8
2020,EAST-WEST SCHOOL OF INTERNATIONAL STUDIES,East-West School of International Studies,11.2
2022,EAST-WEST SCHOOL OF INTERNATIONAL STUDIES,East-West School of International Studies,11.2
2019,EBC HIGH SCHOOL FOR PUBLIC SERVICE - BUSHWICK,EBC High School for Public Service - Bushwick,13.6
2020,EBC HIGH SCHOOL FOR PUBLIC SERVICE - BUSHWICK,EBC High School for Public Service - Bushwick,13.9
2022,EBC HIGH SCHOOL FOR PUBLIC SERVICE - BUSHWICK,EBC High School for Public Service - Bushwick,14.1
2019,ELEANOR ROOSEVELT HIGH SCHOOL,Eleanor Roosevelt High School,16.2
2020,ELEANOR ROOSEVELT HIGH SCHOOL,Eleanor Roosevelt High School,16.9
2022,ELEANOR ROOSEVELT HIGH SCHOOL,Eleanor Roosevelt High School,16.7
2019,EMMA LAZARUS HIGH SCHOOL,Emma Lazarus High School,16.3
2020,EMMA LAZARUS HIGH SCHOOL,Emma Lazarus High School,15.7
2022,EMMA LAZARUS HIGH SCHOOL,Emma Lazarus High School,16.0
2019,ENERGY TECH HIGH SCHOOL,Energy Tech High School,15.0
2020,ENERGY TECH HIGH SCHOOL,Energy Tech High School,13.2
2022,ENERGY TECH HIGH SCHOOL,Energy Tech High School,11.7
2019,ENGLISH LANGUAGE LEARNERS AND INTERNATIONAL SUPPORT PREPARATORY ACADEMY (ELLIS),English Language Learners and International Support Preparatory Academy (ELLIS),12.9
2020,ENGLISH LANGUAGE LEARNERS AND INTERNATIONAL SUPPORT PREPARATORY ACADEMY (ELLIS),English Language Learners and International Support Preparatory Academy (ELLIS),13.7
2022,ENGLISH LANGUAGE LEARNERS AND INTERNATIONAL SUPPORT PREPARATORY ACADEMY (ELLIS),English Language Learners and International Support Preparatory Academy (ELLIS),13.5
2019,EPIC HIGH SCHOOL - NORTH,Epic High School - North,14.8
2020,EPIC HIGH SCHOOL - NORTH,Epic High School - North,16.1
2022,EPIC HIGH SCHOOL - NORTH,Epic High School - North,16.1
2019,EPIC HIGH SCHOOL - SOUTH,Epic High School - South,15.0
2020,EPIC HIGH SCHOOL - SOUTH,Epic High School - South,16.2
2022,EPIC HIGH SCHOOL - SOUTH,Epic High School - South,16.4
2019,ESPERANZA PREPARATORY ACADEMY,Esperanza Preparatory Academy,11.4
2020,ESPERANZA PREPARATORY ACADEMY,Esperanza Preparatory Academy,10.5
2022,ESPERANZA PREPARATORY ACADEMY,Esperanza Preparatory Academy,10.4
2019,EXCELSIOR PREPARATORY HIGH SCHOOL,Excelsior Preparatory High School,15.6
2020,EXCELSIOR PREPARATORY HIGH SCHOOL,Excelsior Preparatory High School,14.6
2022,EXCELSIOR PREPARATORY HIGH SCHOOL,Excelsior Preparatory High School,14.6
2019,EXIMIUS COLLEGE PREPARATORY ACADEMY: A COLLEGE BOARD SCHOOL,Eximius College Preparatory Academy: A College Board School,14.1
2020,EXIMIUS COLLEGE PREPARATORY ACADEMY: A COLLEGE BOARD SCHOOL,Eximius College Preparatory Academy: A College Board School,13.1
2022,EXIMIUS COLLEGE PREPARATORY ACADEMY: A COLLEGE BOARD SCHOOL,Eximius College Preparatory Academy: A College Board School,13.5
2019,EXPLORATIONS ACADEMY,Explorations Academy High School,11.7
2020,EXPLORATIONS ACADEMY,Explorations Academy High School,11.3
2022,EXPLORATIONS ACADEMY,Explorations Academy High School,11.4
2019,FANNIE LOU HAMER FREEDOM HIGH SCHOOL,Fannie Lou Hamer Freedom High School,12.1
2020,FANNIE LOU HAMER FREEDOM HIGH SCHOOL,Fannie Lou Hamer Freedom High School,12.4
2022,FANNIE LOU HAMER FREEDOM HIGH SCHOOL,Fannie Lou Hamer Freedom High School,12.9
2019,FLUSHING HIGH SCHOOL,Flushing High School,13.6
2020,FLUSHING HIGH SCHOOL,Flushing High School,14.6
2022,FLUSHING HIGH SCHOOL,Flushing High School,14.5
2019,FLUSHING INTERNATIONAL HIGH SCHOOL,Flushing High School,13.9
2020,FLUSHING INTERNATIONAL HIGH SCHOOL,Flushing High School,14.7
2022,FLUSHING INTERNATIONAL HIGH SCHOOL,Flushing High School,14.3
2019,FOOD AND FINANCE HIGH SCHOOL,Food and Finance High School,12.7
2020,FOOD AND FINANCE HIGH SCHOOL,Food and Finance High School,12.8
2022,FOOD AND FINANCE HIGH SCHOOL,Food and Finance High School,12.5
2019,FORDHAM HIGH SCHOOL FOR THE ARTS,Fordham High School for the Arts,9.7
2020,FORDHAM HIGH SCHOOL FOR THE ARTS,Fordham High School for the Arts,11.5
2022,FORDHAM HIGH SCHOOL FOR THE ARTS,Fordham High School for the Arts,11.6
2019,FORDHAM LEADERSHIP ACADEMY FOR BUSINESS AND TECHNOLOGY,Fordham Leadership Academy,9.9
2020,FORDHAM LEADERSHIP ACADEMY FOR BUSINESS AND TECHNOLOGY,Fordham Leadership Academy,11.2
2022,FORDHAM LEADERSHIP ACADEMY FOR BUSINESS AND TECHNOLOGY,Fordham Leadership Academy,11.4
2019,FOREST HILLS HIGH SCHOOL,Forest Hills High School,18.5
2020,FOREST HILLS HIGH SCHOOL,Forest Hills High School,16.9
2022,FOREST HILLS HIGH SCHOOL,Forest Hills High School,17.1
2019,FORT HAMILTON HIGH SCHOOL,Fort Hamilton High School,19.8
2020,FORT HAMILTON HIGH SCHOOL,Fort Hamilton High School,19.8
2022,FORT HAMILTON HIGH SCHOOL,Fort Hamilton High School,19.7
2019,FRANCIS LEWIS HIGH SCHOOL,Francis Lewis High School,17.5
2020,FRANCIS LEWIS HIGH SCHOOL,Francis Lewis High School,17.8
2022,FRANCIS LEWIS HIGH SCHOOL,Francis Lewis High School,17.6
2019,FRANK MCCOURT HIGH SCHOOL,Frank McCourt High School,15.5
2020,FRANK MCCOURT HIGH SCHOOL,Frank McCourt High School,16.1
2022,FRANK MCCOURT HIGH SCHOOL,Frank McCourt High School,15.2
2019,FRANK SINATRA SCHOOL OF THE ARTS HIGH SCHOOL,Frank Sinatra School of the Arts High School,15.8
2020,FRANK SINATRA SCHOOL OF THE ARTS HIGH SCHOOL,Frank Sinatra School of the Arts High School,15.1
2022,FRANK SINATRA SCHOOL OF THE ARTS HIGH SCHOOL,Frank Sinatra School of the Arts High School,15.3
2019,FRANKLIN DELANO ROOSEVELT HIGH SCHOOL,Franklin Delano Roosevelt High School,15.8
2020,FRANKLIN DELANO ROOSEVELT HIGH SCHOOL,Franklin Delano Roosevelt High School,15.4
2022,FRANKLIN DELANO ROOSEVELT HIGH SCHOOL,Franklin Delano Roosevelt High School,15.4
2019,FREDERICK DOUGLASS ACADEMY,Frederick Douglass Academy,15.4
2020,FREDERICK DOUGLASS ACADEMY,Frederick Douglass Academy,14.1
2022,FREDERICK DOUGLASS ACADEMY,Frederick Douglass Academy,13.9
2019,FREDERICK DOUGLASS ACADEMY II SECONDARY SCHOOL,Frederick Douglass Academy,11.5
2020,FREDERICK DOUGLASS ACADEMY II SECONDARY SCHOOL,Frederick Douglass Academy,10.8
2022,FREDERICK DOUGLASS ACADEMY II SECONDARY SCHOOL,Frederick Douglass Academy,11.0
2019,FREDERICK DOUGLASS ACADEMY III SECONDARY SCHOOL,Frederick Douglass Academy,12.4
2020,FREDERICK DOUGLASS ACADEMY III SECONDARY SCHOOL,Frederick Douglass Academy,10.8
2022,FREDERICK DOUGLASS ACADEMY III SECONDARY SCHOOL,Frederick Douglass Academy,10.9
2019,FREDERICK DOUGLASS ACADEMY V MIDDLE SCHOOL,Frederick Douglass Academy,14.0
2020,FREDERICK DOUGLASS ACADEMY V MIDDLE SCHOOL,Frederick Douglass Academy,11.4
2022,FREDERICK DOUGLASS ACADEMY V MIDDLE SCHOOL,Frederick Douglass Academy,12.3
2019,FREDERICK DOUGLASS ACADEMY VI HIGH SCHOOL,Frederick Douglass Academy VI High School,12.7
2020,FREDERICK DOUGLASS ACADEMY VI HIGH SCHOOL,Frederick Douglass Academy VI High School,11.7
2022,FREDERICK DOUGLASS ACADEMY VI HIGH SCHOOL,Frederick Douglass Academy VI High School,11.5
2019,FREDERICK DOUGLASS ACADEMY VII HIGH SCHOOL,Frederick Douglass Academy VII High School,12.5
2020,FREDERICK DOUGLASS ACADEMY VII HIGH SCHOOL,Frederick Douglass Academy VII High School,10.1
2022,FREDERICK DOUGLASS ACADEMY VII HIGH SCHOOL,Frederick Douglass Academy VII High School,10.1
2019,FREDERICK DOUGLASS ACADEMY VIII MIDDLE SCHOOL,Frederick Douglass Academy,13.1
2020,FREDERICK DOUGLASS ACADEMY VIII MIDDLE SCHOOL,Frederick Douglass Academy,14.7
2022,FREDERICK DOUGLASS ACADEMY VIII MIDDLE SCHOOL,Frederick Douglass Academy,14.6
2019,GAYNOR MCCOWN EXPEDITIONARY LEARNING SCHOOL,Gaynor McCown Expeditionary Learning School,12.1
2020,GAYNOR MCCOWN EXPEDITIONARY LEARNING SCHOOL,Gaynor McCown Expeditionary Learning School,10.5
2022,GAYNOR MCCOWN EXPEDITIONARY LEARNING SCHOOL,Gaynor McCown Expeditionary Learning School,10.5
2019,GEORGE WASHINGTON CARVER HIGH SCHOOL FOR THE SCIENCES,George Washington Carver High School for the Sciences,14.8
2020,GEORGE WASHINGTON CARVER HIGH SCHOOL FOR THE SCIENCES,George Washington Carver High School for the Sciences,16.2
2022,GEORGE WASHINGTON CARVER HIGH SCHOOL FOR THE SCIENCES,George Washington Carver High School for the Sciences,15.8
2019,GEORGE WESTINGHOUSE CAREER AND TECHNICAL EDUCATION HIGH SCHOOL,George Westinghouse Career and Technical Education,14.5
2020,GEORGE WESTINGHOUSE CAREER AND TECHNICAL EDUCATION HIGH SCHOOL,George Westinghouse Career and Technical Education,14.2
2022,GEORGE WESTINGHOUSE CAREER AND TECHNICAL EDUCATION HIGH SCHOOL,George Westinghouse Career and Technical Education,14.2
2019,GRAMERCY ARTS HIGH SCHOOL,Gramercy Arts High School,13.7
2020,GRAMERCY ARTS HIGH SCHOOL,Gramercy Arts High School,15.2
2022,GRAMERCY ARTS HIGH SCHOOL,Gramercy Arts High School,14.7
2019,GREGORIO LUPERON HIGH SCHOOL FOR SCIENCE AND MATHEMATICS,Gregorio Luperon High School for Science and Mathematics,17.5
2020,GREGORIO LUPERON HIGH SCHOOL FOR SCIENCE AND MATHEMATICS,Gregorio Luperon High School for Science and Mathematics,16.7
2022,GREGORIO LUPERON HIGH SCHOOL FOR SCIENCE AND MATHEMATICS,Gregorio Luperon High School for Science and Mathematics,16.8
2019,GROVER CLEVELAND HIGH SCHOOL,Grover Cleveland High School,15.4
2020,GROVER CLEVELAND HIGH SCHOOL,Grover Cleveland High School,15.9
2022,GROVER CLEVELAND HIGH SCHOOL,Grover Cleveland High School,15.9
2019,HARLEM RENAISSANCE HIGH SCHOOL,Harlem Renaissance High School,11.7
2020,HARLEM RENAISSANCE HIGH SCHOOL,Harlem Renaissance High School,12.4
2022,HARLEM RENAISSANCE HIGH SCHOOL,Harlem Renaissance High School,10.8
2019,HARRY S TRUMAN HIGH SCHOOL,Harry S Truman High School,17.9
2020,HARRY S TRUMAN HIGH SCHOOL,Harry S Truman High School,17.3
2022,HARRY S TRUMAN HIGH SCHOOL,Harry S Truman High School,17.5
2019,HARVEST COLLEGIATE HIGH SCHOOL,Harvest Collegiate High School,11.9
2020,HARVEST COLLEGIATE HIGH SCHOOL,Harvest Collegiate High School,13.3
2022,HARVEST COLLEGIATE HIGH SCHOOL,Harvest Collegiate High School,12.7
2019,HARVEY MILK HIGH SCHOOL,Harvey Milk High School,7.5
2020,HARVEY MILK HIGH SCHOOL,Harvey Milk High School,7.8
2022,HARVEY MILK HIGH SCHOOL,Harvey Milk High School,7.6
2019,HEALTH OPPORTUNITIES HIGH SCHOOL,Health Opportunities High School,14.7
2020,HEALTH OPPORTUNITIES HIGH SCHOOL,Health Opportunities High School,14.3
2022,HEALTH OPPORTUNITIES HIGH SCHOOL,Health Opportunities High School,13.7
2019,HIGH SCHOOL FOR ARTS AND BUSINESS,High School for Arts and Business,15.5
2020,HIGH SCHOOL FOR ARTS AND BUSINESS,High School for Arts and Business,16.3
2022,HIGH SCHOOL FOR ARTS AND BUSINESS,High School for Arts and Business,16.1
2019,HIGH SCHOOL FOR CIVIL RIGHTS,High School for Civil Rights,16.2
2020,HIGH SCHOOL FOR CIVIL RIGHTS,High School for Civil Rights,15.3
2022,HIGH SCHOOL FOR CIVIL RIGHTS,High School for Civil Rights,13.6
2019,HIGH SCHOOL FOR COMMUNITY LEADERSHIP,High School for Community Leadership,16.6
2020,HIGH SCHOOL FOR COMMUNITY LEADERSHIP,High School for Community Leadership,14.9
2022,HIGH SCHOOL FOR COMMUNITY LEADERSHIP,High School for Community Leadership,15.2
2019,HIGH SCHOOL FOR CONTEMPORARY ARTS,High School for Contemporary Arts,13.8
2020,HIGH SCHOOL FOR CONTEMPORARY ARTS,High School for Contemporary Arts,14.7
2022,HIGH SCHOOL FOR CONTEMPORARY ARTS,High School for Contemporary Arts,13.4
2019,HIGH SCHOOL FOR DUAL LANGUAGE AND ASIAN STUDIES,High School for Dual Language and Asian Studies,16.2
2020,HIGH SCHOOL FOR DUAL LANGUAGE AND ASIAN STUDIES,High School for Dual Language and Asian Studies,16.8
2022,HIGH SCHOOL FOR DUAL LANGUAGE AND ASIAN STUDIES,High School for Dual Language and Asian Studies,16.4
2019,HIGH SCHOOL FOR ENVIRONMENTAL STUDIES,High School for Environmental Studies,15.1
2020,HIGH SCHOOL FOR ENVIRONMENTAL STUDIES,High School for Environmental Studies,16.3
2022,HIGH SCHOOL FOR ENVIRONMENTAL STUDIES,High School for Environmental Studies,16.3
2019,HIGH SCHOOL FOR EXCELLENCE AND INNOVATION,High School for Excellence and Innovation,8.8
2020,HIGH SCHOOL FOR EXCELLENCE AND INNOVATION,High School for Excellence and Innovation,9.7
2022,HIGH SCHOOL FOR EXCELLENCE AND INNOVATION,High School for Excellence and Innovation,9.7
2019,HIGH SCHOOL FOR HEALTH CAREERS AND SCIENCES,Academy for Health Careers,10.6
2020,HIGH SCHOOL FOR HEALTH CAREERS AND SCIENCES,Academy for Health Careers,11.7
2022,HIGH SCHOOL FOR HEALTH CAREERS AND SCIENCES,Academy for Health Careers,11.5
2019,HIGH SCHOOL FOR HEALTH PROFESSIONS AND HUMAN SERVICES,High School for Health Professions and Human Services,19.1
2020,HIGH SCHOOL FOR HEALTH PROFESSIONS AND HUMAN SERVICES,High School for Health Professions and Human Services,19.1
2022,HIGH SCHOOL FOR HEALTH PROFESSIONS AND HUMAN SERVICES,High School for Health Professions and Human Services,18.9
2019,HIGH SCHOOL FOR INNOVATION IN ADVERTISING AND MEDIA,High School for Innovation in Advertising and Media,11.0
2020,HIGH SCHOOL FOR INNOVATION IN ADVERTISING AND MEDIA,High School for Innovation in Advertising and Media,9.0
2022,HIGH SCHOOL FOR INNOVATION IN ADVERTISING AND MEDIA,High School for Innovation in Advertising and Media,9.0
2019,HIGH SCHOOL FOR LAW AND PUBLIC SERVICE,High School for Law and Public Service,15.1
2020,HIGH SCHOOL FOR LAW AND PUBLIC SERVICE,High School for Law and Public Service,16.7
2022,HIGH SCHOOL FOR LAW AND PUBLIC SERVICE,High School for Law and Public Service,16.7
2019,HIGH SCHOOL FOR LAW ENFORCEMENT AND PUBLIC SAFETY,High School for Law Enforcement and Public Safety,16.1
2020,HIGH SCHOOL FOR LAW ENFORCEMENT AND PUBLIC SAFETY,High School for Law Enforcement and Public Safety,13.5
2022,HIGH SCHOOL FOR LAW ENFORCEMENT AND PUBLIC SAFETY,High School for Law Enforcement and Public Safety,13.2
2019,"HIGH SCHOOL FOR LAW, ADVOCACY AND COMMUNITY JUSTICE","High School for Law, Advocacy and Community Justice",12.9
2020,"HIGH SCHOOL FOR LAW, ADVOCACY AND COMMUNITY JUSTICE","High School for Law, Advocacy and Community Justice",14.2
2022,"HIGH SCHOOL FOR LAW, ADVOCACY AND COMMUNITY JUSTICE","High School for Law, Advocacy and Community Justice",13.9
2019,HIGH SCHOOL FOR MEDIA AND COMMUNICATIONS,High School for Media and Communications,15.0
2020,HIGH SCHOOL FOR MEDIA AND COMMUNICATIONS,High School for Media and Communications,13.3
2022,HIGH SCHOOL FOR MEDIA AND COMMUNICATIONS,High School for Media and Communications,13.2
2019,HIGH SCHOOL FOR MEDICAL PROFESSIONS,High School for Medical Professions,17.0
2020,HIGH SCHOOL FOR MEDICAL PROFESSIONS,High School for Medical Professions,16.6
2022,HIGH SCHOOL FOR MEDICAL PROFESSIONS,High School for Medical Professions,16.8
2019,HIGH SCHOOL FOR PUBLIC SERVICE: HEROES OF TOMORROW,High School for Public Service: Heroes of Tomorrow,15.6
2020,HIGH SCHOOL FOR PUBLIC SERVICE: HEROES OF TOMORROW,High School for Public Service: Heroes of Tomorrow,16.0
2022,HIGH SCHOOL FOR PUBLIC SERVICE: HEROES OF TOMORROW,High School for Public Service: Heroes of Tomorrow,16.6
2019,HIGH SCHOOL FOR SERVICE & LEARNING AT ERASMUS,High School for Service & Learning at Erasmus,15.3
2020,HIGH SCHOOL FOR SERVICE & LEARNING AT ERASMUS,High School for Service & Learning at Erasmus,14.7
2022,HIGH SCHOOL FOR SERVICE & LEARNING AT ERASMUS,High School for Service & Learning at Erasmus,15.0
2019,HIGH SCHOOL FOR TEACHING AND THE PROFESSIONS,High School for Teaching and the Professions,12.8
2020,HIGH SCHOOL FOR TEACHING AND THE PROFESSIONS,High School for Teaching and the Professions,13.2
2022,HIGH SCHOOL FOR TEACHING AND THE PROFESSIONS,High School for Teaching and the Professions,13.1
2019,HIGH SCHOOL FOR VIOLIN AND DANCE,High School for Violin and Dance,14.0
2020,HIGH SCHOOL FOR VIOLIN AND DANCE,High School for Violin and Dance,12.9
2022,HIGH SCHOOL FOR VIOLIN AND DANCE,High School for Violin and Dance,12.9
2019,HIGH SCHOOL OF AMERICAN STUDIES AT LEHMAN COLLEGE,High School of American Studies at Lehman College,16.4
2020,HIGH SCHOOL OF AMERICAN STUDIES AT LEHMAN COLLEGE,High School of American Studies at Lehman College,15.2
2022,HIGH SCHOOL OF AMERICAN STUDIES AT LEHMAN COLLEGE,High School of American Studies at Lehman College,15.3
2019,HIGH SCHOOL OF APPLIED COMMUNICATION,High School of Applied Communication,14.8
2020,HIGH SCHOOL OF APPLIED COMMUNICATION,High School of Applied Communication,15.6
2022,HIGH SCHOOL OF APPLIED COMMUNICATION,High School of Applied Communication,15.1
2019,HIGH SCHOOL OF ARTS AND TECHNOLOGY,High School of Arts and Technology,13.0
2020,HIGH SCHOOL OF ARTS AND TECHNOLOGY,High School of Arts and Technology,12.3
2022,HIGH SCHOOL OF ARTS AND TECHNOLOGY,High School of Arts and Technology,11.8
2019,HIGH SCHOOL OF COMPUTERS AND TECHNOLOGY,High School of Computers and Technology,13.4
2020,HIGH SCHOOL OF COMPUTERS AND TECHNOLOGY,High School of Computers and Technology,15.2
2022,HIGH SCHOOL OF COMPUTERS AND TECHNOLOGY,High School of Computers and Technology,14.0
2019,HIGH SCHOOL OF ECONOMICS AND FINANCE,High School of Economics and Finance,17.4
2020,HIGH SCHOOL OF ECONOMICS AND FINANCE,High School of Economics and Finance,15.3
2022,HIGH SCHOOL OF ECONOMICS AND FINANCE,High School of Economics and Finance,15.1
2019,HIGH SCHOOL OF HOSPITALITY MANAGEMENT,High School of Hospitality Management,13.4
2020,HIGH SCHOOL OF HOSPITALITY MANAGEMENT,High School of Hospitality Management,12.4
2022,HIGH SCHOOL OF HOSPITALITY MANAGEMENT,High School of Hospitality Management,12.0
2019,HIGH SCHOOL OF LANGUAGE AND INNOVATION,High School of Language and Innovation,11.8
2020,HIGH SCHOOL OF LANGUAGE AND INNOVATION,High School of Language and Innovation,11.9
2022,HIGH SCHOOL OF LANGUAGE AND INNOVATION,High School of Language and Innovation,12.3
2019,HIGH SCHOOL OF SPORTS MANAGEMENT,High School of Sports Management,13.7
2020,HIGH SCHOOL OF SPORTS MANAGEMENT,High School of Sports Management,15.4
2022,HIGH SCHOOL OF SPORTS MANAGEMENT,High School of Sports Management,14.5
2019,HIGH SCHOOL OF WORLD CULTURES,High School of World Cultures,13.3
2020,HIGH SCHOOL OF WORLD CULTURES,High School of World Cultures,13.3
2022,HIGH SCHOOL OF WORLD CULTURES,High School of World Cultures,12.6
2019,HILLCREST HIGH SCHOOL,Hillcrest High School,18.3
2020,HILLCREST HIGH SCHOOL,Hillcrest High School,18.3
2022,HILLCREST HIGH SCHOOL,Hillcrest High School,18.2
2019,HILLSIDE ARTS & LETTERS ACADEMY,Hillside Arts & Letters Academy,15.9
2020,HILLSIDE ARTS & LETTERS ACADEMY,Hillside Arts & Letters Academy,15.0
2022,HILLSIDE ARTS & LETTERS ACADEMY,Hillside Arts & Letters Academy,15.2
2019,HOSTOS-LINCOLN ACADEMY OF SCIENCE,Hostos-Lincoln Academy of Science,15.4
2020,HOSTOS-LINCOLN ACADEMY OF SCIENCE,Hostos-Lincoln Academy of Science,14.4
2022,HOSTOS-LINCOLN ACADEMY OF SCIENCE,Hostos-Lincoln Academy of Science,14.4
2019,HUDSON HIGH SCHOOL OF LEARNING TECHNOLOGIES,Hudson High School of Learning Technologies,13.8
2020,HUDSON HIGH SCHOOL OF LEARNING TECHNOLOGIES,Hudson High School of Learning Technologies,14.1
2022,HUDSON HIGH SCHOOL OF LEARNING TECHNOLOGIES,Hudson High School of Learning Technologies,14.3
2019,HUMANITIES PREPARATORY ACADEMY,Humanities Preparatory Academy,13.2
2020,HUMANITIES PREPARATORY ACADEMY,Humanities Preparatory Academy,13.5
2022,HUMANITIES PREPARATORY ACADEMY,Humanities Preparatory Academy,13.7
2019,IN-TECH ACADEMY (MS / HIGH SCHOOL 368),In-Tech Academy (M.S. / High School 368),14.9
2020,IN-TECH ACADEMY (MS / HIGH SCHOOL 368),In-Tech Academy (M.S. / High School 368),14.0
2022,IN-TECH ACADEMY (MS / HIGH SCHOOL 368),In-Tech Academy (M.S. / High School 368),14.2
2019,INDEPENDENCE HIGH SCHOOL,Independence High School,14.8
2020,INDEPENDENCE HIGH SCHOOL,Independence High School,17.6
2022,INDEPENDENCE HIGH SCHOOL,Independence High School,15.4
2019,INFORMATION TECHNOLOGY HIGH SCHOOL,Information Technology High School,17.1
2020,INFORMATION TECHNOLOGY HIGH SCHOOL,Information Technology High School,16.9
2022,INFORMATION TECHNOLOGY HIGH SCHOOL,Information Technology High School,17.0
2019,INNOVATION DIPLOMA PLUS,Innovation Diploma Plus,12.3
2020,INNOVATION DIPLOMA PLUS,Innovation Diploma Plus,12.8
2022,INNOVATION DIPLOMA PLUS,Innovation Diploma Plus,11.6
2019,INSTITUTE FOR HEALTH PROFESSIONS AT CAMBRIA HEIGHTS,Institute for Health Professions at Cambria Heights,13.1
2020,INSTITUTE FOR HEALTH PROFESSIONS AT CAMBRIA HEIGHTS,Institute for Health Professions at Cambria Heights,13.3
2022,INSTITUTE FOR HEALTH PROFESSIONS AT CAMBRIA HEIGHTS,Institute for Health Professions at Cambria Heights,13.3
2019,INTERNATIONAL HIGH SCHOOL AT LAFAYETTE,International High School at Lafayette,13.2
2020,INTERNATIONAL HIGH SCHOOL AT LAFAYETTE,International High School at Lafayette,13.9
2022,INTERNATIONAL HIGH SCHOOL AT LAFAYETTE,International High School at Lafayette,14.2
2019,INTERNATIONAL HIGH SCHOOL AT LAGUARDIA COMMUNITY COLLEGE,International High School at LaGuardia Community College,16.9
2020,INTERNATIONAL HIGH SCHOOL AT LAGUARDIA COMMUNITY COLLEGE,International High School at LaGuardia Community College,17.8
2022,INTERNATIONAL HIGH SCHOOL AT LAGUARDIA COMMUNITY COLLEGE,International High School at LaGuardia Community College,17.7
2019,INTERNATIONAL SCHOOL FOR LIBERAL ARTS,International School for Liberal Arts,12.0
2020,INTERNATIONAL SCHOOL FOR LIBERAL ARTS,International School for Liberal Arts,10.5
2022,INTERNATIONAL SCHOOL FOR LIBERAL ARTS,International School for Liberal Arts,10.7
2019,INWOOD EARLY COLLEGE FOR HEALTH AND INFORMATION TECHNOLOGIES,Inwood Early College For Health And Information Technologies,12.7
2020,INWOOD EARLY COLLEGE FOR HEALTH AND INFORMATION TECHNOLOGIES,Inwood Early College For Health And Information Technologies,12.8
2022,INWOOD EARLY COLLEGE FOR HEALTH AND INFORMATION TECHNOLOGIES,Inwood Early College For Health And Information Technologies,11.9
2019,IT TAKES A VILLAGE ACADEMY,It Takes a Village Academy,13.2
2020,IT TAKES A VILLAGE ACADEMY,It Takes a Village Academy,13.5
2022,IT TAKES A VILLAGE ACADEMY,It Takes a Village Academy,13.4
2019,JACQUELINE KENNEDY ONASSIS HIGH SCHOOL,Jacqueline Kennedy Onassis High School,12.2
2020,JACQUELINE KENNEDY ONASSIS HIGH SCHOOL,Jacqueline Kennedy Onassis High School,10.1
2022,JACQUELINE KENNEDY ONASSIS HIGH SCHOOL,Jacqueline Kennedy Onassis High School,9.6
2019,JAMAICA GATEWAY TO THE SCIENCES,Jamaica Gateway to the Sciences,17.3
2020,JAMAICA GATEWAY TO THE SCIENCES,Jamaica Gateway to the Sciences,16.1
2022,JAMAICA GATEWAY TO THE SCIENCES,Jamaica Gateway to the Sciences,16.7
2019,JAMES MADISON HIGH SCHOOL,James Madison High School,17.9
2020,JAMES MADISON HIGH SCHOOL,James Madison High School,17.5
2022,JAMES MADISON HIGH SCHOOL,James Madison High School,17.6
2019,JILL CHAIFETZ TRANSFER HIGH SCHOOL,Jill Chaifetz Transfer High School,11.0
2020,JILL CHAIFETZ TRANSFER HIGH SCHOOL,Jill Chaifetz Transfer High School,13.4
2022,JILL CHAIFETZ TRANSFER HIGH SCHOOL,Jill Chaifetz Transfer High School,12.5
2019,JOHN ADAMS HIGH SCHOOL,John Adams High School,13.5
2020,JOHN ADAMS HIGH SCHOOL,John Adams High School,14.1
2022,JOHN ADAMS HIGH SCHOOL,John Adams High School,14.0
2019,JOHN BOWNE HIGH SCHOOL,John Bowne High School,17.2
2020,JOHN BOWNE HIGH SCHOOL,John Bowne High School,17.9
2022,JOHN BOWNE HIGH SCHOOL,John Bowne High School,17.6
2019,JOHN DEWEY HIGH SCHOOL,John Dewey High School,15.2
2020,JOHN DEWEY HIGH SCHOOL,John Dewey High School,16.0
2022,JOHN DEWEY HIGH SCHOOL,John Dewey High School,15.7
2019,KHALIL GIBRAN INTERNATIONAL ACADEMY,Khalil Gibran International Academy,8.7
2020,KHALIL GIBRAN INTERNATIONAL ACADEMY,Khalil Gibran International Academy,9.2
2022,KHALIL GIBRAN INTERNATIONAL ACADEMY,Khalil Gibran International Academy,9.0
2019,KINGSBOROUGH EARLY COLLEGE SCHOOL,Kingsborough Early College School,16.5
2020,KINGSBOROUGH EARLY COLLEGE SCHOOL,Kingsborough Early College School,16.1
2022,KINGSBOROUGH EARLY COLLEGE SCHOOL,Kingsborough Early College School,16.5
2019,KINGSBRIDGE INTERNATIONAL HIGH SCHOOL,Kingsbridge International High School,14.6
2020,KINGSBRIDGE INTERNATIONAL HIGH SCHOOL,Kingsbridge International High School,13.4
2022,KINGSBRIDGE INTERNATIONAL HIGH SCHOOL,Kingsbridge International High School,14.0
2019,KURT HAHN EXPEDITIONARY LEARNING SCHOOL,Kurt Hahn Expeditionary Learning School,11.1
2020,KURT HAHN EXPEDITIONARY LEARNING SCHOOL,Kurt Hahn Expeditionary Learning School,11.6
2022,KURT HAHN EXPEDITIONARY LEARNING SCHOOL,Kurt Hahn Expeditionary Learning School,11.9
2019,LANDMARK HIGH SCHOOL,Landmark High School,12.7
2020,LANDMARK HIGH SCHOOL,Landmark High School,15.0
2022,LANDMARK HIGH SCHOOL,Landmark High School,14.2
2019,LEADERSHIP AND PUBLIC SERVICE HIGH SCHOOL,Leadership and Public Service High School,15.5
2020,LEADERSHIP AND PUBLIC SERVICE HIGH SCHOOL,Leadership and Public Service High School,13.5
2022,LEADERSHIP AND PUBLIC SERVICE HIGH SCHOOL,Leadership and Public Service High School,13.5
2019,LIBERATION DIPLOMA PLUS,Liberation Diploma Plus,20.0
2020,LIBERATION DIPLOMA PLUS,Liberation Diploma Plus,16.6
2022,LIBERATION DIPLOMA PLUS,Liberation Diploma Plus,14.3
2019,LIBERTY HIGH SCHOOL ACADEMY FOR NEWCOMERS,Liberty High School Academy for Newcomers,15.4
2020,LIBERTY HIGH SCHOOL ACADEMY FOR NEWCOMERS,Liberty High School Academy for Newcomers,15.2
2022,LIBERTY HIGH SCHOOL ACADEMY FOR NEWCOMERS,Liberty High School Academy for Newcomers,14.7
2019,LIFE ACADEMY HIGH SCHOOL FOR FILM AND MUSIC,Life Academy High School for Film and Music,13.8
2020,LIFE ACADEMY HIGH SCHOOL FOR FILM AND MUSIC,Life Academy High School for Film and Music,15.8
2022,LIFE ACADEMY HIGH SCHOOL FOR FILM AND MUSIC,Life Academy High School for Film and Music,14.8
2019,LONG ISLAND CITY HIGH SCHOOL,Long Island City High School,14.1
2020,LONG ISLAND CITY HIGH SCHOOL,Long Island City High School,15.6
2022,LONG ISLAND CITY HIGH SCHOOL,Long Island City High School,15.3
2019,LOWER EAST SIDE PREPARATORY HIGH SCHOOL,Lower East Side Preparatory High School,15.6
2020,LOWER EAST SIDE PREPARATORY HIGH SCHOOL,Lower East Side Preparatory High School,15.6
2022,LOWER EAST SIDE PREPARATORY HIGH SCHOOL,Lower East Side Preparatory High School,15.8
2019,LOWER MANHATTAN ARTS ACADEMY,Lower Manhattan Arts Academy,11.1
2020,LOWER MANHATTAN ARTS ACADEMY,Lower Manhattan Arts Academy,12.9
2022,LOWER MANHATTAN ARTS ACADEMY,Lower Manhattan Arts Academy,12.7
2019,LYONS COMMUNITY SCHOOL,Lyons Community School,10.8
2020,LYONS COMMUNITY SCHOOL,Lyons Community School,9.9
2022,LYONS COMMUNITY SCHOOL,Lyons Community School,9.8
2019,MANHATTAN ACADEMY FOR ARTS & LANGUAGE,Manhattan Academy For Arts & Language,11.4
2020,MANHATTAN ACADEMY FOR ARTS & LANGUAGE,Manhattan Academy For Arts & Language,12.9
2022,MANHATTAN ACADEMY FOR ARTS & LANGUAGE,Manhattan Academy For Arts & Language,13.3
2019,MANHATTAN BRIDGES HIGH SCHOOL,Manhattan Bridges High School,17.6
2020,MANHATTAN BRIDGES HIGH SCHOOL,Manhattan Bridges High School,15.3
2022,MANHATTAN BRIDGES HIGH SCHOOL,Manhattan Bridges High School,15.2
2019,MANHATTAN BUSINESS ACADEMY,Manhattan Business Academy,12.8
2020,MANHATTAN BUSINESS ACADEMY,Manhattan Business Academy,13.2
2022,MANHATTAN BUSINESS ACADEMY,Manhattan Business Academy,13.0
2019,MANHATTAN CENTER FOR SCIENCE AND MATHEMATICS,Manhattan Center for Science and Mathematics,19.0
2020,MANHATTAN CENTER FOR SCIENCE AND MATHEMATICS,Manhattan Center for Science and Mathematics,18.8
2022,MANHATTAN CENTER FOR SCIENCE AND MATHEMATICS,Manhattan Center for Science and Mathematics,18.6
2019,MANHATTAN COMPREHENSIVE NIGHT AND DAY HIGH SCHOOL,Manhattan Comprehensive Night and Day High School,15.5
2020,MANHATTAN COMPREHENSIVE NIGHT AND DAY HIGH SCHOOL,Manhattan Comprehensive Night and Day High School,17.7
2022,MANHATTAN COMPREHENSIVE NIGHT AND DAY HIGH SCHOOL,Manhattan Comprehensive Night and Day High School,15.5
2019,MANHATTAN EARLY COLLEGE SCHOOL FOR ADVERTISING,Manhattan Early College School for Advertising,11.6
2020,MANHATTAN EARLY COLLEGE SCHOOL FOR ADVERTISING,Manhattan Early College School for Advertising,12.6
2022,MANHATTAN EARLY COLLEGE SCHOOL FOR ADVERTISING,Manhattan Early College School for Advertising,12.5
2019,MANHATTAN INTERNATIONAL HIGH SCHOOL,Manhattan International High School,14.0
2020,MANHATTAN INTERNATIONAL HIGH SCHOOL,Manhattan International High School,13.6
2022,MANHATTAN INTERNATIONAL HIGH SCHOOL,Manhattan International High School,13.7
2019,MARBLE HILL HIGH SCHOOL FOR INTERNATIONAL STUDIES,Marble Hill High School for International Studies,14.6
2020,MARBLE HILL HIGH SCHOOL FOR INTERNATIONAL STUDIES,Marble Hill High School for International Studies,13.4
2022,MARBLE HILL HIGH SCHOOL FOR INTERNATIONAL STUDIES,Marble Hill High School for International Studies,13.7
2019,MARTIN VAN BUREN HIGH SCHOOL,Martin Van Buren High School,14.8
2020,MARTIN VAN BUREN HIGH SCHOOL,Martin Van Buren High School,15.9
2022,MARTIN VAN BUREN HIGH SCHOOL,Martin Van Buren High School,16.0
2019,MASPETH HIGH SCHOOL,Maspeth High School,17.6
2020,MASPETH HIGH SCHOOL,Maspeth High School,18.9
2022,MASPETH HIGH SCHOOL,Maspeth High School,18.7
2019,"MATHEMATICS, SCIENCE RESEARCH AND TECHNOLOGY MAGNET HIGH SCHOOL","Mathematics, Science Research and Technology Magnet High School",16.2
2020,"MATHEMATICS, SCIENCE RESEARCH AND TECHNOLOGY MAGNET HIGH SCHOOL","Mathematics, Science Research and Technology Magnet High School",15.9
2022,"MATHEMATICS, SCIENCE RESEARCH AND TECHNOLOGY MAGNET HIGH SCHOOL","Mathematics, Science Research and Technology Magnet High School",16.3
2019,MEDGAR EVERS COLLEGE PREPARATORY SCHOOL,Medgar Evers College Preparatory School,20.8
2020,MEDGAR EVERS COLLEGE PREPARATORY SCHOOL,Medgar Evers College Preparatory School,20.9
2022,MEDGAR EVERS COLLEGE PREPARATORY SCHOOL,Medgar Evers College Preparatory School,20.6
2019,METROPOLITAN EXPEDITIONARY LEARNING SCHOOL,Metropolitan Expeditionary Learning School,12.4
2020,METROPOLITAN EXPEDITIONARY LEARNING SCHOOL,Metropolitan Expeditionary Learning School,12.2
2022,METROPOLITAN EXPEDITIONARY LEARNING SCHOOL,Metropolitan Expeditionary Learning School,12.2
2019,"METROPOLITAN HIGH SCHOOL, THE",Metropolitan High School,9.5
2020,"METROPOLITAN HIGH SCHOOL, THE",Metropolitan High School,9.6
2022,"METROPOLITAN HIGH SCHOOL, THE",Metropolitan High School,9.4
2019,MIDDLE COLLEGE HIGH SCHOOL AT LAGUARDIA COMMUNITY COLLEGE,Middle College High School at LaGuardia Community College,20.2
2020,MIDDLE COLLEGE HIGH SCHOOL AT LAGUARDIA COMMUNITY COLLEGE,Middle College High School at LaGuardia Community College,23.6
2022,MIDDLE COLLEGE HIGH SCHOOL AT LAGUARDIA COMMUNITY COLLEGE,Middle College High School at LaGuardia Community College,23.0
2019,MIDWOOD HIGH SCHOOL,Midwood High School,20.1
2020,MIDWOOD HIGH SCHOOL,Midwood High School,19.6
2022,MIDWOOD HIGH SCHOOL,Midwood High School,19.5
2019,MILLENNIUM ART ACADEMY,Millennium Art Academy,12.3
2020,MILLENNIUM ART ACADEMY,Millennium Art Academy,11.5
2022,MILLENNIUM ART ACADEMY,Millennium Art Academy,11.4
2019,MORRIS ACADEMY FOR COLLABORATIVE STUDIES,Morris Academy for Collaborative Studies,11.0
2020,MORRIS ACADEMY FOR COLLABORATIVE STUDIES,Morris Academy for Collaborative Studies,11.7
2022,MORRIS ACADEMY FOR COLLABORATIVE STUDIES,Morris Academy for Collaborative Studies,12.1
2019,MOTT HALL BRONX HIGH SCHOOL,Mott Hall Bronx High School,12.6
2020,MOTT HALL BRONX HIGH SCHOOL,Mott Hall Bronx High School,12.1
2022,MOTT HALL BRONX HIGH SCHOOL,Mott Hall Bronx High School,12.4
2019,MOTT HALL HIGH SCHOOL,Mott Hall High School,15.5
2020,MOTT HALL HIGH SCHOOL,Mott Hall High School,12.6
2022,MOTT HALL HIGH SCHOOL,Mott Hall High School,12.6
2019,MOTT HALL V,Mott Hall V,11.8
2020,MOTT HALL V,Mott Hall V,12.4
2022,MOTT HALL V,Mott Hall V,12.5
2019,MOTT HAVEN COMMUNITY HIGH SCHOOL,Mott Haven Community High School,10.6
2020,MOTT HAVEN COMMUNITY HIGH SCHOOL,Mott Haven Community High School,10.8
2022,MOTT HAVEN COMMUNITY HIGH SCHOOL,Mott Haven Community High School,10.6
2019,MOTT HAVEN VILLAGE PREPARATORY HIGH SCHOOL,Mott Haven Village Preparatory High School,10.8
2020,MOTT HAVEN VILLAGE PREPARATORY HIGH SCHOOL,Mott Haven Village Preparatory High School,10.9
2022,MOTT HAVEN VILLAGE PREPARATORY HIGH SCHOOL,Mott Haven Village Preparatory High School,10.6
2019,MS 223 THE LABORATORY SCHOOL OF FINANCE AND TECHNOLOGY,The Laboratory School of Finance and Technology,11.8
2020,MS 223 THE LABORATORY SCHOOL OF FINANCE AND TECHNOLOGY,The Laboratory School of Finance and Technology,13.8
2022,MS 223 THE LABORATORY SCHOOL OF FINANCE AND TECHNOLOGY,The Laboratory School of Finance and Technology,14.2
2019,MULTICULTURAL HIGH SCHOOL,Multicultural High School,12.2
2020,MULTICULTURAL HIGH SCHOOL,Multicultural High School,13.1
2022,MULTICULTURAL HIGH SCHOOL,Multicultural High School,14.1
2019,MURRAY HILL ACADEMY,Murray Hill Academy,11.9
2020,MURRAY HILL ACADEMY,Murray Hill Academy,10.4
2022,MURRAY HILL ACADEMY,Murray Hill Academy,10.6
2019,MURRY BERGTRAUM HIGH SCHOOL FOR BUSINESS CAREERS,Murry Bergtraum High School for Business Careers,10.6
2020,MURRY BERGTRAUM HIGH SCHOOL FOR BUSINESS CAREERS,Murry Bergtraum High School for Business Careers,9.5
2022,MURRY BERGTRAUM HIGH SCHOOL FOR BUSINESS CAREERS,Murry Bergtraum High School for Business Careers,9.5
2019,NELSON MANDELA HIGH SCHOOL,Nelson Mandela High School,12.1
2020,NELSON MANDELA HIGH SCHOOL,Nelson Mandela High School,13.4
2022,NELSON MANDELA HIGH SCHOOL,Nelson Mandela High School,12.6
2019,NEW DESIGN HIGH SCHOOL,New Design High School,11.0
2020,NEW DESIGN HIGH SCHOOL,New Design High School,11.7
2022,NEW DESIGN HIGH SCHOOL,New Design High School,11.1
2019,NEW DORP HIGH SCHOOL,New Dorp High School,15.8
2020,NEW DORP HIGH SCHOOL,New Dorp High School,16.3
2022,NEW DORP HIGH SCHOOL,New Dorp High School,16.1
2019,NEW UTRECHT HIGH SCHOOL,New Utrecht High School,16.9
2020,NEW UTRECHT HIGH SCHOOL,New Utrecht High School,17.0
2022,NEW UTRECHT HIGH SCHOOL,New Utrecht High School,17.0
2019,NEW WORLD HIGH SCHOOL,New World High School,13.5
2020,NEW WORLD HIGH SCHOOL,New World High School,14.0
2022,NEW WORLD HIGH SCHOOL,New World High School,13.9
2019,NEWCOMERS HIGH SCHOOL,Newcomers High School,14.3
2020,NEWCOMERS HIGH SCHOOL,Newcomers High School,15.2
2022,NEWCOMERS HIGH SCHOOL,Newcomers High School,14.8
2019,NEWTOWN HIGH SCHOOL,Newtown High School,15.5
2020,NEWTOWN HIGH SCHOOL,Newtown High School,15.3
2022,NEWTOWN HIGH SCHOOL,Newtown High School,15.2
2019,NYC ISCHOOL,NYC iSchool,14.4
2020,NYC ISCHOOL,NYC iSchool,14.3
2022,NYC ISCHOOL,NYC iSchool,14.3
2019,OLYMPUS ACADEMY,Olympus Academy,12.5
2020,OLYMPUS ACADEMY,Olympus Academy,11.7
2022,OLYMPUS ACADEMY,Olympus Academy,11.4
2019,ORIGINS HIGH SCHOOL,Origins High School,11.9
2020,ORIGINS HIGH SCHOOL,Origins High School,11.7
2022,ORIGINS HIGH SCHOOL,Origins High School,12.0
2019,PACE HIGH SCHOOL,Pace High School,15.1
2020,PACE HIGH SCHOOL,Pace High School,13.7
2022,PACE HIGH SCHOOL,Pace High School,13.9
2019,PAN AMERICAN INTERNATIONAL HIGH SCHOOL,Pan American International High School,11.0
2020,PAN AMERICAN INTERNATIONAL HIGH SCHOOL,Pan American International High School,13.7
2022,PAN AMERICAN INTERNATIONAL HIGH SCHOOL,Pan American International High School,13.4
2019,PAN AMERICAN INTERNATIONAL HIGH SCHOOL AT MONROE,Pan American International High School,12.3
2020,PAN AMERICAN INTERNATIONAL HIGH SCHOOL AT MONROE,Pan American International High School,11.9
2022,PAN AMERICAN INTERNATIONAL HIGH SCHOOL AT MONROE,Pan American International High School,11.3
2019,PARK EAST HIGH SCHOOL,Park East High School,12.0
2020,PARK EAST HIGH SCHOOL,Park East High School,11.8
2022,PARK EAST HIGH SCHOOL,Park East High School,11.8
2019,PARK SLOPE COLLEGIATE,Park Slope Collegiate,13.0
2020,PARK SLOPE COLLEGIATE,Park Slope Collegiate,11.7
2022,PARK SLOPE COLLEGIATE,Park Slope Collegiate,12.0
2019,PATHWAYS COLLEGE PREPARATORY SCHOOL: A COLLEGE BOARD SCHOOL,Pathways College Preparatory School: A College Board School,16.6
2020,PATHWAYS COLLEGE PREPARATORY SCHOOL: A COLLEGE BOARD SCHOOL,Pathways College Preparatory School: A College Board School,16.2
2022,PATHWAYS COLLEGE PREPARATORY SCHOOL: A COLLEGE BOARD SCHOOL,Pathways College Preparatory School: A College Board School,16.1
2019,PATHWAYS IN TECHNOLOGY EARLY COLLEGE HIGH SCHOOL (P-TECH),Pathways in Technology Early College High School (P-Tech),17.1
2020,PATHWAYS IN TECHNOLOGY EARLY COLLEGE HIGH SCHOOL (P-TECH),Pathways in Technology Early College High School (P-Tech),18.8
2022,PATHWAYS IN TECHNOLOGY EARLY COLLEGE HIGH SCHOOL (P-TECH),Pathways in Technology Early College High School (P-Tech),18.7
2019,PELHAM LAB HIGH SCHOOL,Pelham Lab High School,11.2
2020,PELHAM LAB HIGH SCHOOL,Pelham Lab High School,11.4
2022,PELHAM LAB HIGH SCHOOL,Pelham Lab High School,11.2
2019,PELHAM PREPARATORY ACADEMY,Pelham Preparatory Academy,17.2
2020,PELHAM PREPARATORY ACADEMY,Pelham Preparatory Academy,15.1
2022,PELHAM PREPARATORY ACADEMY,Pelham Preparatory Academy,15.7
2019,PERFORMING ARTS AND TECHNOLOGY HIGH SCHOOL,Performing Arts and Technology High School,14.1
2020,PERFORMING ARTS AND TECHNOLOGY HIGH SCHOOL,Performing Arts and Technology High School,12.5
2022,PERFORMING ARTS AND TECHNOLOGY HIGH SCHOOL,Performing Arts and Technology High School,12.9
2019,PORT RICHMOND HIGH SCHOOL,Port Richmond High School,15.9
2020,PORT RICHMOND HIGH SCHOOL,Port Richmond High School,15.1
2022,PORT RICHMOND HIGH SCHOOL,Port Richmond High School,14.7
2019,PREPARATORY ACADEMY FOR WRITERS: A COLLEGE BOARD SCHOOL,Preparatory Academy for Writers: A College Board School,18.6
2020,PREPARATORY ACADEMY FOR WRITERS: A COLLEGE BOARD SCHOOL,Preparatory Academy for Writers: A College Board School,18.0
2022,PREPARATORY ACADEMY FOR WRITERS: A COLLEGE BOARD SCHOOL,Preparatory Academy for Writers: A College Board School,17.3
2019,PROFESSIONAL PATHWAYS HIGH SCHOOL,Professional Pathways High School,10.9
2020,PROFESSIONAL PATHWAYS HIGH SCHOOL,Professional Pathways High School,12.2
2022,PROFESSIONAL PATHWAYS HIGH SCHOOL,Professional Pathways High School,11.4
2019,PROFESSIONAL PERFORMING ARTS HIGH SCHOOL,Professional Performing Arts High School,19.3
2020,PROFESSIONAL PERFORMING ARTS HIGH SCHOOL,Professional Performing Arts High School,19.1
2022,PROFESSIONAL PERFORMING ARTS HIGH SCHOOL,Professional Performing Arts High School,20.0
2019,PROGRESS HIGH SCHOOL FOR PROFESSIONAL CAREERS,PROGRESS High School for Professional Careers,14.4
2020,PROGRESS HIGH SCHOOL FOR PROFESSIONAL CAREERS,PROGRESS High School for Professional Careers,14.9
2022,PROGRESS HIGH SCHOOL FOR PROFESSIONAL CAREERS,PROGRESS High School for Professional Careers,14.8
2019,QUEENS COLLEGIATE: A COLLEGE BOARD SCHOOL,Queens Collegiate: A College Board School,14.6
2020,QUEENS COLLEGIATE: A COLLEGE BOARD SCHOOL,Queens Collegiate: A College Board School,14.6
2022,QUEENS COLLEGIATE: A COLLEGE BOARD SCHOOL,Queens Collegiate: A College Board School,15.3
2019,"QUEENS HIGH SCHOOL FOR INFORMATION, RESEARCH, AND TECHNOLOGY","Queens High School for Information, Research, and Technology",15.0
2020,"QUEENS HIGH SCHOOL FOR INFORMATION, RESEARCH, AND TECHNOLOGY","Queens High School for Information, Research, and Technology",14.8
2022,"QUEENS HIGH SCHOOL FOR INFORMATION, RESEARCH, AND TECHNOLOGY","Queens High School for Information, Research, and Technology",14.6
2019,QUEENS HIGH SCHOOL FOR LANGUAGE STUDIES,Queens High School for Language Studies,14.4
2020,QUEENS HIGH SCHOOL FOR LANGUAGE STUDIES,Queens High School for Language Studies,15.2
2022,QUEENS HIGH SCHOOL FOR LANGUAGE STUDIES,Queens High School for Language Studies,15.3
2019,"QUEENS HIGH SCHOOL OF TEACHING, LIBERAL ARTS AND THE SCIENCES","Queens High School of Teaching, Liberal Arts and the Sciences",17.0
2020,"QUEENS HIGH SCHOOL OF TEACHING, LIBERAL ARTS AND THE SCIENCES","Queens High School of Teaching, Liberal Arts and the Sciences",16.3
2022,"QUEENS HIGH SCHOOL OF TEACHING, LIBERAL ARTS AND THE SCIENCES","Queens High School of Teaching, Liberal Arts and the Sciences",16.4
2019,QUEENS METROPOLITAN HIGH SCHOOL,Queens Metropolitan High School,15.8
2020,QUEENS METROPOLITAN HIGH SCHOOL,Queens Metropolitan High School,15.8
2022,QUEENS METROPOLITAN HIGH SCHOOL,Queens Metropolitan High School,16.0
2019,QUEENS PREPARATORY ACADEMY,Queens Preparatory Academy,14.6
2020,QUEENS PREPARATORY ACADEMY,Queens Preparatory Academy,11.6
2022,QUEENS PREPARATORY ACADEMY,Queens Preparatory Academy,11.6
2019,QUEENS SATELLITE HIGH SCHOOL FOR OPPORTUNITY,Queens Satellite High School for Opportunity,15.4
2020,QUEENS SATELLITE HIGH SCHOOL FOR OPPORTUNITY,Queens Satellite High School for Opportunity,15.1
2022,QUEENS SATELLITE HIGH SCHOOL FOR OPPORTUNITY,Queens Satellite High School for Opportunity,14.5
2019,"QUEENS SCHOOL OF INQUIRY, THE",The Queens School of Inquiry,12.3
2020,"QUEENS SCHOOL OF INQUIRY, THE",The Queens School of Inquiry,13.2
2022,"QUEENS SCHOOL OF INQUIRY, THE",The Queens School of Inquiry,12.8
2019,QUEST TO LEARN,Quest to Learn,11.5
2020,QUEST TO LEARN,Quest to Learn,12.7
2022,QUEST TO LEARN,Quest to Learn,12.5
2019,RACHEL CARSON HIGH SCHOOL FOR COASTAL STUDIES,Rachel Carson High School for Coastal Studies,16.1
2020,RACHEL CARSON HIGH SCHOOL FOR COASTAL STUDIES,Rachel Carson High School for Coastal Studies,16.9
2022,RACHEL CARSON HIGH SCHOOL FOR COASTAL STUDIES,Rachel Carson High School for Coastal Studies,16.9
2019,RESEARCH AND SERVICE HIGH SCHOOL,Research and Service High School,16.0
2020,RESEARCH AND SERVICE HIGH SCHOOL,Research and Service High School,15.4
2022,RESEARCH AND SERVICE HIGH SCHOOL,Research and Service High School,12.8
2019,RICHMOND HILL HIGH SCHOOL,Richmond Hill High School,12.5
2020,RICHMOND HILL HIGH SCHOOL,Richmond Hill High School,14.4
2022,RICHMOND HILL HIGH SCHOOL,Richmond Hill High School,14.4
2019,ROCKAWAY COLLEGIATE HIGH SCHOOL,Rockaway Collegiate High School,11.5
2020,ROCKAWAY COLLEGIATE HIGH SCHOOL,Rockaway Collegiate High School,12.4
2022,ROCKAWAY COLLEGIATE HIGH SCHOOL,Rockaway Collegiate High School,11.9
2019,ROCKAWAY PARK HIGH SCHOOL FOR ENVIRONMENTAL SUSTAINABILITY,Rockaway Park High School for Environmental Sustainability,12.1
2020,ROCKAWAY PARK HIGH SCHOOL FOR ENVIRONMENTAL SUSTAINABILITY,Rockaway Park High School for Environmental Sustainability,12.0
2022,ROCKAWAY PARK HIGH SCHOOL FOR ENVIRONMENTAL SUSTAINABILITY,Rockaway Park High School for Environmental Sustainability,11.5
2019,SCHOLARS' ACADEMY,Scholars' Academy,17.9
2020,SCHOLARS' ACADEMY,Scholars' Academy,17.2
2022,SCHOLARS' ACADEMY,Scholars' Academy,17.2
2019,SCHOOL FOR EXCELLENCE,School for Excellence,11.5
2020,SCHOOL FOR EXCELLENCE,School for Excellence,11.4
2022,SCHOOL FOR EXCELLENCE,School for Excellence,10.5
2019,SCHOOL FOR INTERNATIONAL STUDIES,CSI High School for International Studies,14.2
2020,SCHOOL FOR INTERNATIONAL STUDIES,CSI High School for International Studies,14.3
2022,SCHOOL FOR INTERNATIONAL STUDIES,CSI High School for International Studies,14.5
2019,SCHUYLERVILLE PREPARATORY HIGH SCHOOL,Schuylerville Preparatory High School,12.9
2020,SCHUYLERVILLE PREPARATORY HIGH SCHOOL,Schuylerville Preparatory High School,14.0
2022,SCHUYLERVILLE PREPARATORY HIGH SCHOOL,Schuylerville Preparatory High School,14.1
2019,SOUTH BRONX PREPARATORY: A COLLEGE BOARD SCHOOL,South Bronx Preparatory: A College Board School,13.1
2020,SOUTH BRONX PREPARATORY: A COLLEGE BOARD SCHOOL,South Bronx Preparatory: A College Board School,12.3
2022,SOUTH BRONX PREPARATORY: A COLLEGE BOARD SCHOOL,South Bronx Preparatory: A College Board School,12.4
2019,SOUTH BROOKLYN COMMUNITY HIGH SCHOOL,South Brooklyn Community High School,11.8
2020,SOUTH BROOKLYN COMMUNITY HIGH SCHOOL,South Brooklyn Community High School,12.6
2022,SOUTH BROOKLYN COMMUNITY HIGH SCHOOL,South Brooklyn Community High School,13.4
2019,SPRING CREEK COMMUNITY SCHOOL,Spring Creek Community School,11.3
2020,SPRING CREEK COMMUNITY SCHOOL,Spring Creek Community School,10.7
2022,SPRING CREEK COMMUNITY SCHOOL,Spring Creek Community School,10.5
2019,STATEN ISLAND TECHNICAL HIGH SCHOOL,Staten Island Technical High School,20.4
2020,STATEN ISLAND TECHNICAL HIGH SCHOOL,Staten Island Technical High School,21.5
2022,STATEN ISLAND TECHNICAL HIGH SCHOOL,Staten Island Technical High School,20.8
2019,STUYVESANT HIGH SCHOOL,Stuyvesant High School,20.6
2020,STUYVESANT HIGH SCHOOL,Stuyvesant High School,22.0
2022,STUYVESANT HIGH SCHOOL,Stuyvesant High School,21.8
2019,SUNSET PARK HIGH SCHOOL,Sunset Park High School,11.4
2020,SUNSET PARK HIGH SCHOOL,Sunset Park High School,11.8
2022,SUNSET PARK HIGH SCHOOL,Sunset Park High School,11.5
2019,TALENT UNLIMITED HIGH SCHOOL,Talent Unlimited High School,15.0
2020,TALENT UNLIMITED HIGH SCHOOL,Talent Unlimited High School,14.4
2022,TALENT UNLIMITED HIGH SCHOOL,Talent Unlimited High School,14.6
2019,TEACHERS PREPARATORY HIGH SCHOOL,Teachers Preparatory High School,10.4
2020,TEACHERS PREPARATORY HIGH SCHOOL,Teachers Preparatory High School,8.6
2022,TEACHERS PREPARATORY HIGH SCHOOL,Teachers Preparatory High School,8.2
2019,THE BRONXWOOD PREPARATORY ACADEMY,The Bronxwood Preparatory Academy,13.8
2020,THE BRONXWOOD PREPARATORY ACADEMY,The Bronxwood Preparatory Academy,15.1
2022,THE BRONXWOOD PREPARATORY ACADEMY,The Bronxwood Preparatory Academy,15.7
2019,THE BROOKLYN ACADEMY OF GLOBAL FINANCE,The Brooklyn Academy of Global Finance,9.6
2020,THE BROOKLYN ACADEMY OF GLOBAL FINANCE,The Brooklyn Academy of Global Finance,12.0
2022,THE BROOKLYN ACADEMY OF GLOBAL FINANCE,The Brooklyn Academy of Global Finance,11.8
2019,THE CINEMA SCHOOL,The Cinema School,15.7
2020,THE CINEMA SCHOOL,The Cinema School,14.0
2022,THE CINEMA SCHOOL,The Cinema School,13.8
2019,THE EAGLE ACADEMY FOR YOUNG MEN OF STATEN ISLAND,The Eagle Academy for Young Men of Staten Island,11.2
2020,THE EAGLE ACADEMY FOR YOUNG MEN OF STATEN ISLAND,The Eagle Academy for Young Men of Staten Island,10.9
2022,THE EAGLE ACADEMY FOR YOUNG MEN OF STATEN ISLAND,The Eagle Academy for Young Men of Staten Island,11.4
2019,THE GLOBAL LEARNING COLLABORATIVE,The Global Learning Collaborative,12.1
2020,THE GLOBAL LEARNING COLLABORATIVE,The Global Learning Collaborative,13.2
2022,THE GLOBAL LEARNING COLLABORATIVE,The Global Learning Collaborative,13.0
2019,THE HIGH SCHOOL FOR GLOBAL CITIZENSHIP,The High School for Global Citizenship,16.2
2020,THE HIGH SCHOOL FOR GLOBAL CITIZENSHIP,The High School for Global Citizenship,18.0
2022,THE HIGH SCHOOL FOR GLOBAL CITIZENSHIP,The High School for Global Citizenship,17.8
2019,THE HIGH SCHOOL FOR LANGUAGE AND DIPLOMACY,The High School For Language And Diplomacy,16.8
2020,THE HIGH SCHOOL FOR LANGUAGE AND DIPLOMACY,The High School For Language And Diplomacy,15.0
2022,THE HIGH SCHOOL FOR LANGUAGE AND DIPLOMACY,The High School For Language And Diplomacy,14.6
2019,THE HIGH SCHOOL OF FASHION INDUSTRIES,The High School of Fashion Industries,15.9
2020,THE HIGH SCHOOL OF FASHION INDUSTRIES,The High School of Fashion Industries,16.1
2022,THE HIGH SCHOOL OF FASHION INDUSTRIES,The High School of Fashion Industries,16.1
2019,THE METROPOLITAN SOUNDVIEW HIGH SCHOOL,The Metropolitan Soundview High School,10.9
2020,THE METROPOLITAN SOUNDVIEW HIGH SCHOOL,The Metropolitan Soundview High School,11.6
2022,THE METROPOLITAN SOUNDVIEW HIGH SCHOOL,The Metropolitan Soundview High School,12.2
2019,THE URBAN ASSEMBLY BRONX ACADEMY OF LETTERS,The Urban Assembly Bronx Academy of Letters,9.0
2020,THE URBAN ASSEMBLY BRONX ACADEMY OF LETTERS,The Urban Assembly Bronx Academy of Letters,10.0
2022,THE URBAN ASSEMBLY BRONX ACADEMY OF LETTERS,The Urban Assembly Bronx Academy of Letters,10.0
2019,THE URBAN ASSEMBLY SCHOOL FOR COLLABORATIVE HEALTHCARE,The Urban Assembly School for Collaborative Health,13.8
2020,THE URBAN ASSEMBLY SCHOOL FOR COLLABORATIVE HEALTHCARE,The Urban Assembly School for Collaborative Health,11.4
2022,THE URBAN ASSEMBLY SCHOOL FOR COLLABORATIVE HEALTHCARE,The Urban Assembly School for Collaborative Health,11.4
2019,THE URBAN ASSEMBLY SCHOOL FOR EMERGENCY MANAGEMENT,The Urban Assembly School for Emergency Management,11.2
2020,THE URBAN ASSEMBLY SCHOOL FOR EMERGENCY MANAGEMENT,The Urban Assembly School for Emergency Management,11.1
2022,THE URBAN ASSEMBLY SCHOOL FOR EMERGENCY MANAGEMENT,The Urban Assembly School for Emergency Management,11.1
2019,THE URBAN ASSEMBLY SCHOOL FOR GLOBAL COMMERCE,The Urban Assembly School for Global Commerce,10.7
2020,THE URBAN ASSEMBLY SCHOOL FOR GLOBAL COMMERCE,The Urban Assembly School for Global Commerce,9.1
2022,THE URBAN ASSEMBLY SCHOOL FOR GLOBAL COMMERCE,The Urban Assembly School for Global Commerce,9.3
2019,THE URBAN ASSEMBLY SCHOOL FOR GREEN CAREERS,The Urban Assembly School for Green Careers,11.4
2020,THE URBAN ASSEMBLY SCHOOL FOR GREEN CAREERS,The Urban Assembly School for Green Careers,10.8
2022,THE URBAN ASSEMBLY SCHOOL FOR GREEN CAREERS,The Urban Assembly School for Green Careers,11.0
2019,THE URBAN ASSEMBLY SCHOOL FOR LAW AND JUSTICE,The Urban Assembly School for Law and Justice,14.8
2020,THE URBAN ASSEMBLY SCHOOL FOR LAW AND JUSTICE,The Urban Assembly School for Law and Justice,14.7
2022,THE URBAN ASSEMBLY SCHOOL FOR LAW AND JUSTICE,The Urban Assembly School for Law and Justice,15.2
2019,THEATRE ARTS PRODUCTION COMPANY SCHOOL,Theatre Arts Production Company School,10.4
2020,THEATRE ARTS PRODUCTION COMPANY SCHOOL,Theatre Arts Production Company School,11.3
2022,THEATRE ARTS PRODUCTION COMPANY SCHOOL,Theatre Arts Production Company School,11.4
2019,THURGOOD MARSHALL ACADEMY FOR LEARNING AND SOCIAL CHANGE,Thurgood Marshall Academy for Learning and Social Change,13.4
2020,THURGOOD MARSHALL ACADEMY FOR LEARNING AND SOCIAL CHANGE,Thurgood Marshall Academy for Learning and Social Change,12.8
2022,THURGOOD MARSHALL ACADEMY FOR LEARNING AND SOCIAL CHANGE,Thurgood Marshall Academy for Learning and Social Change,12.6
2019,TOTTENVILLE HIGH SCHOOL,Tottenville High School,17.7
2020,TOTTENVILLE HIGH SCHOOL,Tottenville High School,17.8
2022,TOTTENVILLE HIGH SCHOOL,Tottenville High School,17.8
2019,TOWNSEND HARRIS HIGH SCHOOL,Townsend Harris High School,20.0
2020,TOWNSEND HARRIS HIGH SCHOOL,Townsend Harris High School,19.4
2022,TOWNSEND HARRIS HIGH SCHOOL,Townsend Harris High School,18.8
2019,UNION SQUARE ACADEMY FOR HEALTH SCIENCES,Union Square Academy for Health Sciences,13.6
2020,UNION SQUARE ACADEMY FOR HEALTH SCIENCES,Union Square Academy for Health Sciences,12.9
2022,UNION SQUARE ACADEMY FOR HEALTH SCIENCES,Union Square Academy for Health Sciences,12.8
2019,UNIVERSITY NEIGHBORHOOD HIGH SCHOOL,University Neighborhood High School,16.3
2020,UNIVERSITY NEIGHBORHOOD HIGH SCHOOL,University Neighborhood High School,14.9
2022,UNIVERSITY NEIGHBORHOOD HIGH SCHOOL,University Neighborhood High School,14.9
2019,URBAN ACADEMY LABORATORY HIGH SCHOOL,Urban Academy Laboratory High School,10.3
2020,URBAN ACADEMY LABORATORY HIGH SCHOOL,Urban Academy Laboratory High School,9.1
2022,URBAN ACADEMY LABORATORY HIGH SCHOOL,Urban Academy Laboratory High School,9.3
2019,URBAN ACTION ACADEMY,Urban Action Academy,15.7
2020,URBAN ACTION ACADEMY,Urban Action Academy,14.3
2022,URBAN ACTION ACADEMY,Urban Action Academy,13.3
2019,URBAN ASSEMBLY GATEWAY SCHOOL FOR TECHNOLOGY,Urban Assembly Gateway School for Technology,12.8
2020,URBAN ASSEMBLY GATEWAY SCHOOL FOR TECHNOLOGY,Urban Assembly Gateway School for Technology,12.8
2022,URBAN ASSEMBLY GATEWAY SCHOOL FOR TECHNOLOGY,Urban Assembly Gateway School for Technology,13.1
2019,URBAN ASSEMBLY MAKER ACADEMY,Urban Assembly Maker Academy,13.6
2020,URBAN ASSEMBLY MAKER ACADEMY,Urban Assembly Maker Academy,13.2
2022,URBAN ASSEMBLY MAKER ACADEMY,Urban Assembly Maker Academy,13.2
2019,URBAN ASSEMBLY NEW YORK HARBOR SCHOOL,Urban Assembly New York Harbor School,13.4
2020,URBAN ASSEMBLY NEW YORK HARBOR SCHOOL,Urban Assembly New York Harbor School,13.3
2022,URBAN ASSEMBLY NEW YORK HARBOR SCHOOL,Urban Assembly New York Harbor School,13.0
2019,"URBAN ASSEMBLY SCHOOL FOR APPLIED MATH AND SCIENCE, THE",Urban Assembly School for Applied Math and Science,10.3
2020,"URBAN ASSEMBLY SCHOOL FOR APPLIED MATH AND SCIENCE, THE",Urban Assembly School for Applied Math and Science,9.3
2022,"URBAN ASSEMBLY SCHOOL FOR APPLIED MATH AND SCIENCE, THE",Urban Assembly School for Applied Math and Science,9.6
2019,URBAN ASSEMBLY SCHOOL FOR THE PERFORMING ARTS,Urban Assembly School for the Performing Arts,14.1
2020,URBAN ASSEMBLY SCHOOL FOR THE PERFORMING ARTS,Urban Assembly School for the Performing Arts,14.5
2022,URBAN ASSEMBLY SCHOOL FOR THE PERFORMING ARTS,Urban Assembly School for the Performing Arts,14.7
2019,"URBAN ASSEMBLY SCHOOL OF BUSINESS FOR YOUNG WOMEN, THE",Urban Assembly School of Business for Young Women,11.3
2020,"URBAN ASSEMBLY SCHOOL OF BUSINESS FOR YOUNG WOMEN, THE",Urban Assembly School of Business for Young Women,13.1
2022,"URBAN ASSEMBLY SCHOOL OF BUSINESS FOR YOUNG WOMEN, THE",Urban Assembly School of Business for Young Women,13.0
2019,"URBAN ASSEMBLY SCHOOL OF DESIGN AND CONSTRUCTION, THE",Urban Assembly School of Design and Construction,12.5
2020,"URBAN ASSEMBLY SCHOOL OF DESIGN AND CONSTRUCTION, THE",Urban Assembly School of Design and Construction,11.5
2022,"URBAN ASSEMBLY SCHOOL OF DESIGN AND CONSTRUCTION, THE",Urban Assembly School of Design and Construction,11.4
2019,VALIDUS PREPARATORY ACADEMY: AN EXPEDITIONARY LEARNING SCHOOL,Validus Preparatory Academy,15.3
2020,VALIDUS PREPARATORY ACADEMY: AN EXPEDITIONARY LEARNING SCHOOL,Validus Preparatory Academy,15.2
2022,VALIDUS PREPARATORY ACADEMY: AN EXPEDITIONARY LEARNING SCHOOL,Validus Preparatory Academy,14.5
2019,VERITAS ACADEMY,Veritas Academy,14.8
2020,VERITAS ACADEMY,Veritas Academy,15.1
2022,VERITAS ACADEMY,Veritas Academy,14.6
2019,VICTORY COLLEGIATE HIGH SCHOOL,Victory Collegiate High School,11.4
2020,VICTORY COLLEGIATE HIGH SCHOOL,Victory Collegiate High School,10.4
2022,VICTORY COLLEGIATE HIGH SCHOOL,Victory Collegiate High School,10.5
2019,VILLAGE ACADEMY,It Takes a Village Academy,11.1
2020,VILLAGE ACADEMY,It Takes a Village Academy,9.8
2022,VILLAGE ACADEMY,It Takes a Village Academy,9.8
2019,WEST BRONX ACADEMY FOR THE FUTURE,West Bronx Academy for the Future,11.8
2020,WEST BRONX ACADEMY FOR THE FUTURE,West Bronx Academy for the Future,11.8
2022,WEST BRONX ACADEMY FOR THE FUTURE,West Bronx Academy for the Future,11.7
2019,WESTCHESTER SQUARE ACADEMY,Westchester Square Academy,13.2
2020,WESTCHESTER SQUARE ACADEMY,Westchester Square Academy,12.3
2022,WESTCHESTER SQUARE ACADEMY,Westchester Square Academy,12.3
2019,WILLIAM CULLEN BRYANT HIGH SCHOOL,William Cullen Bryant High School,15.4
2020,WILLIAM CULLEN BRYANT HIGH SCHOOL,William Cullen Bryant High School,16.1
2022,WILLIAM CULLEN BRYANT HIGH SCHOOL,William Cullen Bryant High School,15.9
2019,WILLIAMSBURG HIGH SCHOOL FOR ARCHITECTURE AND DESIGN,Williamsburg High School for Architecture and Design,16.4
2020,WILLIAMSBURG HIGH SCHOOL FOR ARCHITECTURE AND DESIGN,Williamsburg High School for Architecture and Design,16.6
2022,WILLIAMSBURG HIGH SCHOOL FOR ARCHITECTURE AND DESIGN,Williamsburg High School for Architecture and Design,16.5
2019,WILLIAMSBURG PREPARATORY SCHOOL,Williamsburg Preparatory School,14.9
2020,WILLIAMSBURG PREPARATORY SCHOOL,Williamsburg Preparatory School,14.6
2022,WILLIAMSBURG PREPARATORY SCHOOL,Williamsburg Preparatory School,14.8
2019,WINGS ACADEMY,Wings Academy,14.0
2020,WINGS ACADEMY,Wings Academy,11.7
2022,WINGS ACADEMY,Wings Academy,11.6
2019,WOMEN'S ACADEMY OF EXCELLENCE,Women's Academy of Excellence,12.2
2020,WOMEN'S ACADEMY OF EXCELLENCE,Women's Academy of Excellence,10.7
2022,WOMEN'S ACADEMY OF EXCELLENCE,Women's Academy of Excellence,10.9
2019,WORLD JOURNALISM PREPARATORY: A COLLEGE BOARD SCHOOL,World Journalism Preparatory: A College Board School,15.0
2020,WORLD JOURNALISM PREPARATORY: A COLLEGE BOARD SCHOOL,World Journalism Preparatory: A College Board School,14.7
2022,WORLD JOURNALISM PREPARATORY: A COLLEGE BOARD SCHOOL,World Journalism Preparatory: A College Board School,14.8
2019,WORLD VIEW HIGH SCHOOL,World View High School,11.9
2020,WORLD VIEW HIGH SCHOOL,World View High School,12.3
2022,WORLD VIEW HIGH SCHOOL,World View High School,12.2
2019,YORK EARLY COLLEGE ACADEMY,York Early College Academy,20.4
2020,YORK EARLY COLLEGE ACADEMY,York Early College Academy,20.6
2022,YORK EARLY COLLEGE ACADEMY,York Early College Academy,20.8
2019,YOUNG WOMEN'S LEADERSHIP SCHOOL,Young Women's Leadership School,15.6
2020,YOUNG WOMEN'S LEADERSHIP SCHOOL,Young Women's Leadership School,15.0
2022,YOUNG WOMEN'S LEADERSHIP SCHOOL,Young Women's Leadership School,15.1
2019,YOUNG WOMEN'S LEADERSHIP SCHOOL OF BROOKLYN,Young Women's Leadership School of Brooklyn,12.1
2020,YOUNG WOMEN'S LEADERSHIP SCHOOL OF BROOKLYN,Young Women's Leadership School of Brooklyn,11.6
2022,YOUNG WOMEN'S LEADERSHIP SCHOOL OF BROOKLYN,Young Women's Leadership School of Brooklyn,11.6
2019,YOUNG WOMEN'S LEADERSHIP SCHOOL OF THE BRONX,Young Women's Leadership School of the Bronx,14.2
2020,YOUNG WOMEN'S LEADERSHIP SCHOOL OF THE BRONX,Young Women's Leadership School of the Bronx,15.2
2022,YOUNG WOMEN'S LEADERSHIP SCHOOL OF THE BRONX,Young Women's Leadership School of the Bronx,14.3
2019,"YOUNG WOMEN'S LEADERSHIP SCHOOL, ASTORIA",The Young Women's Leadership School Astoria,15.8
2020,"YOUNG WOMEN'S LEADERSHIP SCHOOL, ASTORIA",The Young Women's Leadership School Astoria,14.8
2022,"YOUNG WOMEN'S LEADERSHIP SCHOOL, ASTORIA",The Young Women's Leadership School Astoria,14.8
2019,"YOUNG WOMEN'S LEADERSHIP SCHOOL, QUEENS",Young Women's Leadership School,15.9
2020,"YOUNG WOMEN'S LEADERSHIP SCHOOL, QUEENS",Young Women's Leadership School,16.6
2022,"YOUNG WOMEN'S LEADERSHIP SCHOOL, QUEENS",Young Women's Leadership School,17.1
